variant_id,consequence,rsid,hgvsc,hgvsp,pval,beta,ac_cases,an_cases,ac_controls,an_controls,association_ac,association_an,allele_count,homozygote_count,allele_number,af_cases,af_controls,association_af,allele_frequency,cHGVS
3-10142064-C-T,stop_gained,,ENST00000256474.3:c.217C>T,ENSP00000256474.3:p.Gln73Ter,0.000118969,11.85955784,1,332,0,789350,1,332,1,0,735914,0.003012048,0,1.26635E-06,1.35885E-06,c.217C>T
3-10142052-C-G,missense_variant,rs1428175816,ENST00000256474.3:c.205C>G,ENSP00000256474.3:p.Arg69Gly,0.001448198,10.22323879,1,332,16,789350,17,332,16,0,735914,0.003012048,2.02702E-05,2.1528E-05,2.17417E-05,c.205C>G
3-10141921-C-T,missense_variant,rs35460768,ENST00000256474.3:c.74C>T,ENSP00000256474.3:p.Pro25Leu,0.525097822,-0.471039454,1,332,4476,789350,4477,332,4186,12,735924,0.003012048,0.005670503,0.005669385,0.005688087,c.74C>T
3-10141997-C-G,synonymous_variant,,ENST00000256474.3:c.150C>G,ENSP00000256474.3:p.Ala50=,0.537243746,-1.003190836,0,332,869,789350,869,332,813,0,735912,0,0.001100925,0.001100462,0.001104752,c.150C>G
3-10142030-C-G,synonymous_variant,,ENST00000256474.3:c.183C>G,ENSP00000256474.3:p.Pro61=,0.547586278,-1.002974962,0,332,852,789350,852,332,790,0,735916,0,0.001079383,0.001078929,0.001073492,c.183C>G
3-10142088-C-T,missense_variant,rs104893829,ENST00000256474.3:c.241C>T,ENSP00000256474.3:p.Pro81Ser,0.702900865,-0.999181941,0,332,334,789350,334,332,314,1,735918,0,0.000423137,0.000422959,0.000426678,c.241C>T
3-10142093-C-T,synonymous_variant,rs587780993,ENST00000256474.3:c.246C>T,ENSP00000256474.3:p.Arg82=,0.730410368,-1.002591749,0,332,288,789350,288,332,269,0,735916,0,0.000364862,0.000364708,0.000365531,c.246C>T
3-10149921-C-T,missense_variant,rs28940298,ENST00000256474.3:c.598C>T,ENSP00000256474.3:p.Arg200Trp,0.756141757,-1.001413028,0,332,227,789350,227,332,214,0,735924,0,0.000287579,0.000287458,0.000290791,c.598C>T
3-10149952-G-A,missense_variant,rs138780791,ENST00000256474.3:c.629G>A,ENSP00000256474.3:p.Arg210Gln,0.803254384,-1.001271151,0,332,137,789350,137,332,127,0,735926,0,0.000173561,0.000173488,0.000172572,c.629G>A
3-10141852-C-T,missense_variant,,ENST00000256474.3:c.5C>T,ENSP00000256474.3:p.Pro2Leu,0.821467008,-1.001143522,0,332,132,789350,132,332,123,0,735924,0,0.000167227,0.000167156,0.000167137,c.5C>T
3-10141874-C-A,missense_variant,,ENST00000256474.3:c.27C>A,ENSP00000256474.3:p.Asp9Glu,0.832745976,-1.001028139,0,332,94,789350,94,332,91,0,735926,0,0.000119085,0.000119035,0.000123654,c.27C>A
3-10149962-T-C,synonymous_variant,,ENST00000256474.3:c.639T>C,ENSP00000256474.3:p.Asp213=,0.849833036,-1.001032793,0,332,81,789350,81,332,80,0,735926,0,0.000102616,0.000102573,0.000108707,c.639T>C
3-10141942-A-G,missense_variant,rs786203104,ENST00000256474.3:c.95A>G,ENSP00000256474.3:p.Glu32Gly,0.851662733,-1.001135382,0,332,80,789350,80,332,75,0,735920,0,0.00010135,0.000101307,0.000101913,c.95A>G
3-10149897-C-T,missense_variant,,ENST00000256474.3:c.574C>T,ENSP00000256474.3:p.Pro192Ser,0.859868349,-1.000983381,0,332,82,789350,82,332,75,0,735926,0,0.000103883,0.000103839,0.000101912,c.574C>T
3-10141955-GGAGTCCGGCCCGGAA-G,inframe_deletion,,ENST00000256474.3:c.123_137del,ENSP00000256474.3:p.Ser43_Glu47del,0.874089906,-1.001148955,0,332,65,789350,65,332,63,0,735864,0,8.23531E-05,8.23185E-05,8.56136E-05,c.123_137del
3-10141850-G-A,start_lost,,ENST00000256474.3:c.3G>A,ENSP00000256474.3:p.Met1?,0.888037667,-1.001126475,0,332,37,789350,37,332,32,0,735920,0,4.68744E-05,4.68547E-05,4.3483E-05,c.3G>A
3-10146549-G-A,missense_variant,,ENST00000256474.3:c.376G>A,ENSP00000256474.3:p.Asp126Asn,0.898034476,-1.000933241,0,332,37,789350,37,332,36,0,735922,0,4.68742E-05,4.68545E-05,4.89182E-05,c.376G>A
3-10149928-C-T,missense_variant,rs779514074,ENST00000256474.3:c.605C>T,ENSP00000256474.3:p.Thr202Ile,0.900541209,-1.000937864,0,332,36,789350,36,332,33,0,735926,0,4.56071E-05,4.5588E-05,4.48415E-05,c.605C>T
3-10142122-A-T,missense_variant,rs749091984,ENST00000256474.3:c.275A>T,ENSP00000256474.3:p.Asp92Val,0.903115508,-1.001103333,0,332,30,789350,30,332,30,0,735918,0,3.80063E-05,3.79904E-05,4.07654E-05,c.275A>T
3-10146558-C-T,synonymous_variant,,ENST00000256474.3:c.385C>T,ENSP00000256474.3:p.Leu129=,0.905960329,-1.001133469,0,332,27,789350,27,332,25,0,735924,0,3.42054E-05,3.41911E-05,3.39709E-05,c.385C>T
3-10142105-C-G,synonymous_variant,,ENST00000256474.3:c.258C>G,ENSP00000256474.3:p.Pro86=,0.906003365,-1.001354931,0,332,23,789350,23,332,22,0,735918,0,2.91382E-05,2.91259E-05,2.98946E-05,c.258C>G
3-10142147-G-T,synonymous_variant,,ENST00000256474.3:c.300G>T,ENSP00000256474.3:p.Thr100=,0.909632311,-1.001111528,0,332,27,789350,27,332,24,0,735918,0,3.42057E-05,3.41913E-05,3.26123E-05,c.300G>T
3-10149877-A-G,missense_variant,,ENST00000256474.3:c.554A>G,ENSP00000256474.3:p.Tyr185Cys,0.910855439,-1.000981729,0,332,28,789350,28,332,26,0,735924,0,3.54723E-05,3.54574E-05,3.53297E-05,c.554A>G
3-10142014-C-G,missense_variant,,ENST00000256474.3:c.167C>G,ENSP00000256474.3:p.Ala56Gly,0.911889308,-1.000877004,0,332,27,789350,27,332,26,0,735918,0,3.42057E-05,3.41913E-05,3.533E-05,c.167C>G
3-10149861-A-G,missense_variant,rs377715747,ENST00000256474.3:c.538A>G,ENSP00000256474.3:p.Ile180Val,0.916451529,-1.000654161,0,332,31,789350,31,332,30,0,735926,0,3.92728E-05,3.92563E-05,4.0765E-05,c.538A>G
3-10142065-A-G,missense_variant,rs1295818809,ENST00000256474.3:c.218A>G,ENSP00000256474.3:p.Gln73Arg,0.916494623,-1.000932649,0,332,24,789350,24,332,22,0,735914,0,3.04052E-05,3.03924E-05,2.98948E-05,c.218A>G
3-10141909-A-C,missense_variant,,ENST00000256474.3:c.62A>C,ENSP00000256474.3:p.Glu21Ala,0.922603237,-1.001058638,0,332,20,789350,20,332,18,0,735922,0,2.53374E-05,2.53268E-05,2.44591E-05,c.62A>C
3-10146612-A-G,missense_variant,rs1057517560,ENST00000256474.3:c.439A>G,ENSP00000256474.3:p.Ile147Val,0.926075754,-1.000710222,0,332,23,789350,23,332,23,0,735926,0,2.91379E-05,2.91256E-05,3.12531E-05,c.439A>G
3-10149951-C-T,missense_variant,rs774380450,ENST00000256474.3:c.628C>T,ENSP00000256474.3:p.Arg210Trp,0.927391072,-1.000865763,0,332,16,789350,16,332,15,0,735926,0,2.02698E-05,2.02613E-05,2.03825E-05,c.628C>T
3-10141872-G-A,missense_variant,,ENST00000256474.3:c.25G>A,ENSP00000256474.3:p.Asp9Asn,0.927498909,-1.000587115,0,332,25,789350,25,332,23,0,735926,0,3.16716E-05,3.16583E-05,3.12531E-05,c.25G>A
3-10141962-G-C,missense_variant,,ENST00000256474.3:c.115G>C,ENSP00000256474.3:p.Gly39Arg,0.927573471,-1.001105922,0,332,17,789350,17,332,15,0,735792,0,2.15405E-05,2.15314E-05,2.03862E-05,c.115G>C
3-10149885-C-G,missense_variant,rs5030824,ENST00000256474.3:c.562C>G,ENSP00000256474.3:p.Leu188Val,0.928163928,-1.000599232,0,332,22,789350,22,332,21,0,735926,0,2.7871E-05,2.78593E-05,2.85355E-05,c.562C>G
3-10149937-G-T,missense_variant,,ENST00000256474.3:c.614G>T,ENSP00000256474.3:p.Arg205Leu,0.929016801,-1.000843094,0,332,17,789350,17,332,17,0,735926,0,2.15367E-05,2.15277E-05,2.31001E-05,c.614G>T
3-10141861-C-T,missense_variant,rs755333116,ENST00000256474.3:c.14C>T,ENSP00000256474.3:p.Ala5Val,0.931772189,-1.001118275,0,332,13,789350,13,332,12,0,735926,0,1.64692E-05,1.64623E-05,1.6306E-05,c.14C>T
3-10146602-C-T,synonymous_variant,,ENST00000256474.3:c.429C>T,ENSP00000256474.3:p.Asp143=,0.933927429,-1.000967038,0,332,11,789350,11,332,11,0,735924,0,1.39356E-05,1.39297E-05,1.49472E-05,c.429C>T
3-10149929-A-C,synonymous_variant,,ENST00000256474.3:c.606A>C,ENSP00000256474.3:p.Thr202=,0.934271565,-1.000655811,0,332,19,789350,19,332,16,0,735926,0,2.40704E-05,2.40603E-05,2.17413E-05,c.606A>C
3-10141937-G-GGAGGAGTCGGGCGCC,inframe_insertion,rs1236159514,ENST00000256474.3:c.99_113dup,ENSP00000256474.3:p.Ala35_Gly39dup,0.935060739,-1.000687392,0,332,19,789350,19,332,18,0,735918,0,2.40707E-05,2.40606E-05,2.44592E-05,c.99_113dup
3-10141885-T-G,missense_variant,rs1553619289,ENST00000256474.3:c.38T>G,ENSP00000256474.3:p.Val13Gly,0.935546846,-1.000704015,0,332,15,789350,15,332,15,0,735926,0,1.9003E-05,1.8995E-05,2.03825E-05,c.38T>G
3-10149879-G-A,missense_variant,,ENST00000256474.3:c.556G>A,ENSP00000256474.3:p.Glu186Lys,0.936647347,-1.000646544,0,332,16,789350,16,332,14,0,735926,0,2.02698E-05,2.02613E-05,1.90237E-05,c.556G>A
3-10142012-G-A,synonymous_variant,rs1553619391,ENST00000256474.3:c.165G>A,ENSP00000256474.3:p.Glu55=,0.938075425,-1.000955613,0,332,13,789350,13,332,10,0,735918,0,1.64694E-05,1.64625E-05,1.35885E-05,c.165G>A
3-10141920-C-G,missense_variant,,ENST00000256474.3:c.73C>G,ENSP00000256474.3:p.Pro25Ala,0.939672488,-1.000739832,0,332,14,789350,14,332,14,0,735922,0,1.77362E-05,1.77287E-05,1.90238E-05,c.73C>G
3-10141851-C-T,missense_variant,,ENST00000256474.3:c.4C>T,ENSP00000256474.3:p.Pro2Ser,0.939900879,-1.000925137,0,332,9,789350,9,332,8,0,735924,0,1.14018E-05,1.1397E-05,1.08707E-05,c.4C>T
3-10142145-A-G,missense_variant,rs745901803,ENST00000256474.3:c.298A>G,ENSP00000256474.3:p.Thr100Ala,0.942067309,-1.000925135,0,332,8,789350,8,332,6,0,735918,0,1.01349E-05,1.01308E-05,8.15308E-06,c.298A>G
3-10146546-C-T,missense_variant,rs375401722,ENST00000256474.3:c.373C>T,ENSP00000256474.3:p.His125Tyr,0.942535321,-1.000520222,0,332,18,789350,18,332,18,0,735922,0,2.28037E-05,2.27941E-05,2.44591E-05,c.373C>T
3-10141887-G-C,missense_variant,rs1060503559,ENST00000256474.3:c.40G>C,ENSP00000256474.3:p.Gly14Arg,0.942636449,-1.000666379,0,332,14,789350,14,332,11,0,735926,0,1.77361E-05,1.77287E-05,1.49472E-05,c.40G>C
3-10141960-C-T,missense_variant,,ENST00000256474.3:c.113C>T,ENSP00000256474.3:p.Ser38Phe,0.942717595,-1.001194529,0,332,12,789350,12,332,11,0,735724,0,1.52066E-05,1.52002E-05,1.49513E-05,c.113C>T
3-10141886-A-T,synonymous_variant,,ENST00000256474.3:c.39A>T,ENSP00000256474.3:p.Val13=,0.942875838,-1.000620535,0,332,12,789350,12,332,11,0,735926,0,1.52024E-05,1.5196E-05,1.49472E-05,c.39A>T
3-10142039-C-T,synonymous_variant,rs1012545817,ENST00000256474.3:c.192C>T,ENSP00000256474.3:p.Arg64=,0.943601054,-1.000675654,0,332,11,789350,11,332,10,0,735916,0,1.39357E-05,1.39298E-05,1.35885E-05,c.192C>T
3-10141936-G-A,missense_variant,,ENST00000256474.3:c.89G>A,ENSP00000256474.3:p.Gly30Glu,0.943636223,-1.000883169,0,332,11,789350,11,332,11,0,735888,0,1.39362E-05,1.39304E-05,1.49479E-05,c.89G>A
3-10141850-G-T,start_lost,,ENST00000256474.3:c.3G>T,ENSP00000256474.3:p.Met1?,0.944321701,-1.000813545,0,332,9,789350,9,332,9,0,735920,0,1.14018E-05,1.13971E-05,1.22296E-05,c.3G>T
3-10149843-A-T,missense_variant,rs1060503566,ENST00000256474.3:c.520A>T,ENSP00000256474.3:p.Asn174Tyr,0.946272697,-1.001241449,0,332,6,789350,6,332,6,0,735926,0,7.60119E-06,7.598E-06,8.15299E-06,c.520A>T
3-10146603-G-C,missense_variant,,ENST00000256474.3:c.430G>C,ENSP00000256474.3:p.Gly144Arg,0.94992152,-1.000785709,0,332,9,789350,9,332,9,0,735926,0,1.14018E-05,1.1397E-05,1.22295E-05,c.430G>C
3-10146571-C-G,missense_variant,,ENST00000256474.3:c.398C>G,ENSP00000256474.3:p.Thr133Ser,0.950724724,-1.000983377,0,332,7,789350,7,332,6,0,735926,0,8.86806E-06,8.86433E-06,8.15299E-06,c.398C>G
3-10149878-C-T,synonymous_variant,,ENST00000256474.3:c.555C>T,ENSP00000256474.3:p.Tyr185=,0.951089102,-1.00093752,0,332,8,789350,8,332,8,0,735926,0,1.01349E-05,1.01307E-05,1.08707E-05,c.555C>T
3-10149884-T-C,synonymous_variant,rs370769257,ENST00000256474.3:c.561T>C,ENSP00000256474.3:p.Asp187=,0.952895633,-1.000663668,0,332,11,789350,11,332,11,0,735926,0,1.39355E-05,1.39297E-05,1.49472E-05,c.561T>C
3-10149858-G-A,missense_variant,rs767780451,ENST00000256474.3:c.535G>A,ENSP00000256474.3:p.Asp179Asn,0.953268434,-1.000607546,0,332,10,789350,10,332,9,0,735926,0,1.26687E-05,1.26633E-05,1.22295E-05,c.535G>A
3-10142025-C-G,missense_variant,rs1035077469,ENST00000256474.3:c.178C>G,ENSP00000256474.3:p.Arg60Gly,0.954420126,-1.000509743,0,332,11,789350,11,332,10,0,735918,0,1.39357E-05,1.39298E-05,1.35885E-05,c.178C>G
3-10149855-C-T,synonymous_variant,,ENST00000256474.3:c.532C>T,ENSP00000256474.3:p.Leu178=,0.954452987,-1.000727039,0,332,8,789350,8,332,8,0,735926,0,1.01349E-05,1.01307E-05,1.08707E-05,c.532C>T
3-10141875-G-T,stop_gained,,ENST00000256474.3:c.28G>T,ENSP00000256474.3:p.Glu10Ter,0.956473575,-0.801216028,0,332,7,789350,7,332,7,0,735926,0,8.86806E-06,8.86433E-06,9.51183E-06,c.28G>T
3-10146548-C-T,synonymous_variant,rs863224372,ENST00000256474.3:c.375C>T,ENSP00000256474.3:p.His125=,0.957074204,-1.000556637,0,332,7,789350,7,332,7,0,735920,0,8.86806E-06,8.8644E-06,9.5119E-06,c.375C>T
3-10146539-A-G,synonymous_variant,,ENST00000256474.3:c.366A>G,ENSP00000256474.3:p.Ala122=,0.957581926,-1.000684153,0,332,7,789350,7,332,6,0,735926,0,8.86806E-06,8.86433E-06,8.15299E-06,c.366A>G
3-10142152-C-T,missense_variant,rs1379270197,ENST00000256474.3:c.305C>T,ENSP00000256474.3:p.Pro102Leu,0.958018072,-1.000856195,0,332,5,789350,5,332,5,0,735918,0,6.33433E-06,6.33173E-06,6.79424E-06,c.305C>T
3-10141919-C-T,synonymous_variant,,ENST00000256474.3:c.72C>T,ENSP00000256474.3:p.Gly24=,0.958900786,-1.001247963,0,332,3,789350,3,332,2,0,735922,0,3.8006E-06,3.79902E-06,2.71768E-06,c.72C>T
3-10142096-C-T,synonymous_variant,,ENST00000256474.3:c.249C>T,ENSP00000256474.3:p.Val83=,0.959194623,-1.000905423,0,332,5,789350,5,332,3,0,735918,0,6.33433E-06,6.33173E-06,4.07654E-06,c.249C>T
3-10146593-C-T,synonymous_variant,,ENST00000256474.3:c.420C>T,ENSP00000256474.3:p.Leu140=,0.959664106,-1.000733603,0,332,5,789350,5,332,5,0,735924,0,6.33433E-06,6.33168E-06,6.79418E-06,c.420C>T
3-10142153-G-T,synonymous_variant,,ENST00000256474.3:c.306G>T,ENSP00000256474.3:p.Pro102=,0.960640518,-1.000835587,0,332,4,789350,4,332,4,0,735918,0,5.06746E-06,5.06538E-06,5.43539E-06,c.306G>T
3-10142015-C-T,synonymous_variant,,ENST00000256474.3:c.168C>T,ENSP00000256474.3:p.Ala56=,0.960698686,-1.001154582,0,332,3,789350,3,332,3,0,735918,0,3.8006E-06,3.79904E-06,4.07654E-06,c.168C>T
3-10149855-C-G,missense_variant,,ENST00000256474.3:c.532C>G,ENSP00000256474.3:p.Leu178Val,0.961140441,-1.000833941,0,332,5,789350,5,332,5,0,735926,0,6.33433E-06,6.33166E-06,6.79416E-06,c.532C>G
3-10142027-G-C,synonymous_variant,,ENST00000256474.3:c.180G>C,ENSP00000256474.3:p.Arg60=,0.961319478,-1.000602034,0,332,6,789350,6,332,6,0,735918,0,7.60119E-06,7.59807E-06,8.15308E-06,c.180G>C
3-10142100-C-G,missense_variant,,ENST00000256474.3:c.253C>G,ENSP00000256474.3:p.Leu85Val,0.961524231,-1.000779457,0,332,5,789350,5,332,5,0,735918,0,6.33433E-06,6.33173E-06,6.79424E-06,c.253C>G
3-10149937-G-A,missense_variant,,ENST00000256474.3:c.614G>A,ENSP00000256474.3:p.Arg205His,0.962023018,-1.000924069,0,332,5,789350,5,332,5,0,735926,0,6.33433E-06,6.33166E-06,6.79416E-06,c.614G>A
3-10149908-G-C,missense_variant,rs878854128,ENST00000256474.3:c.585G>C,ENSP00000256474.3:p.Gln195His,0.962085771,-1.000724846,0,332,4,789350,4,332,4,0,735926,0,5.06746E-06,5.06533E-06,5.43533E-06,c.585G>C
3-10141868-C-A,missense_variant,,ENST00000256474.3:c.21C>A,ENSP00000256474.3:p.Asn7Lys,0.962963924,-1.000746886,0,332,4,789350,4,332,4,0,735926,0,5.06746E-06,5.06533E-06,5.43533E-06,c.21C>A
3-10141859-G-A,synonymous_variant,rs1553619274,ENST00000256474.3:c.12G>A,ENSP00000256474.3:p.Arg4=,0.962996863,-1.001020551,0,332,4,789350,4,332,4,0,735926,0,5.06746E-06,5.06533E-06,5.43533E-06,c.12G>A
3-10141988-A-G,synonymous_variant,rs1353920298,ENST00000256474.3:c.141A>G,ENSP00000256474.3:p.Glu47=,0.963828614,-1.000645553,0,332,7,789350,7,332,6,0,735910,0,8.86806E-06,8.86451E-06,8.15317E-06,c.141A>G
3-10149851-G-T,missense_variant,rs762748790,ENST00000256474.3:c.528G>T,ENSP00000256474.3:p.Arg176Ser,0.963948602,-1.000601441,0,332,6,789350,6,332,6,0,735926,0,7.60119E-06,7.598E-06,8.15299E-06,c.528G>T
3-10146622-A-G,missense_variant,rs760184234,ENST00000256474.3:c.449A>G,ENSP00000256474.3:p.Asn150Ser,0.964050534,-1.000857524,0,332,4,789350,4,332,4,0,735926,0,5.06746E-06,5.06533E-06,5.43533E-06,c.449A>G
3-10146590-T-G,synonymous_variant,,ENST00000256474.3:c.417T>G,ENSP00000256474.3:p.Ser139=,0.964739224,-1.00054371,0,332,8,789350,8,332,8,0,735926,0,1.01349E-05,1.01307E-05,1.08707E-05,c.417T>G
3-10146613-T-C,missense_variant,rs1060503555,ENST00000256474.3:c.440T>C,ENSP00000256474.3:p.Ile147Thr,0.964926269,-1.000676479,0,332,4,789350,4,332,4,0,735926,0,5.06746E-06,5.06533E-06,5.43533E-06,c.440T>C
3-10141855-G-C,missense_variant,rs1178481595,ENST00000256474.3:c.8G>C,ENSP00000256474.3:p.Arg3Pro,0.964994487,-1.001076903,0,332,2,789350,2,332,2,0,735926,0,2.53373E-06,2.53267E-06,2.71766E-06,c.8G>C
3-10142055-G-C,missense_variant,,ENST00000256474.3:c.208G>C,ENSP00000256474.3:p.Glu70Gln,0.96523458,-1.001120494,0,332,2,789350,2,332,2,0,735914,0,2.53373E-06,2.5327E-06,2.71771E-06,c.208G>C
3-10142091-C-T,missense_variant,rs1214305423,ENST00000256474.3:c.244C>T,ENSP00000256474.3:p.Arg82Cys,0.966174093,-1.00104558,0,332,2,789350,2,332,2,0,735916,0,2.53373E-06,2.5327E-06,2.7177E-06,c.244C>T
3-10142108-A-G,synonymous_variant,rs1386184754,ENST00000256474.3:c.261A>G,ENSP00000256474.3:p.Val87=,0.96625582,-1.002130277,0,332,1,789350,1,332,1,0,735918,0,1.26687E-06,1.26635E-06,1.35885E-06,c.261A>G
3-10149922-G-A,missense_variant,,ENST00000256474.3:c.599G>A,ENSP00000256474.3:p.Arg200Gln,0.967329362,-1.000693405,0,332,5,789350,5,332,4,0,735926,0,6.33433E-06,6.33166E-06,5.43533E-06,c.599G>A
3-10141981-C-G,missense_variant,,ENST00000256474.3:c.134C>G,ENSP00000256474.3:p.Pro45Arg,0.967780309,-1.000695852,0,332,5,789350,5,332,5,0,735916,0,6.33433E-06,6.33174E-06,6.79425E-06,c.134C>G
3-10141857-A-G,missense_variant,,ENST00000256474.3:c.10A>G,ENSP00000256474.3:p.Arg4Gly,0.968740289,-1.0007849,0,332,3,789350,3,332,2,0,735924,0,3.8006E-06,3.79901E-06,2.71767E-06,c.10A>G
3-10149836-G-C,missense_variant,,ENST00000256474.3:c.513G>C,ENSP00000256474.3:p.Lys171Asn,0.968982402,-1.00044903,0,332,5,789350,5,332,4,0,735926,0,6.33433E-06,6.33166E-06,5.43533E-06,c.513G>C
3-10141932-G-C,missense_variant,,ENST00000256474.3:c.85G>C,ENSP00000256474.3:p.Gly29Arg,0.969204513,-1.000929066,0,332,2,789350,2,332,2,0,735920,0,2.53373E-06,2.53268E-06,2.71769E-06,c.85G>C
3-10149922-G-T,missense_variant,,ENST00000256474.3:c.599G>T,ENSP00000256474.3:p.Arg200Leu,0.96995598,-1.001129923,0,332,2,789350,2,332,2,0,735926,0,2.53373E-06,2.53267E-06,2.71766E-06,c.599G>T
3-10149931-AG-A,frameshift_variant,,ENST00000256474.3:c.610del,ENSP00000256474.3:p.Glu204SerfsTer15,0.969996207,-0.80197839,0,332,1,789350,1,332,1,0,735926,0,1.26687E-06,1.26633E-06,1.35883E-06,c.610del
3-10141876-A-T,missense_variant,rs786204065,ENST00000256474.3:c.29A>T,ENSP00000256474.3:p.Glu10Val,0.970283188,-1.000380551,0,332,5,789350,5,332,5,0,735926,0,6.33433E-06,6.33166E-06,6.79416E-06,c.29A>T
3-10142020-G-A,missense_variant,rs1553619400,ENST00000256474.3:c.173G>A,ENSP00000256474.3:p.Arg58Gln,0.970481067,-1.000631768,0,332,4,789350,4,332,4,0,735918,0,5.06746E-06,5.06538E-06,5.43539E-06,c.173G>A
3-10142102-G-A,synonymous_variant,,ENST00000256474.3:c.255G>A,ENSP00000256474.3:p.Leu85=,0.970494133,-1.000668482,0,332,4,789350,4,332,3,0,735918,0,5.06746E-06,5.06538E-06,4.07654E-06,c.255G>A
3-10142010-G-C,missense_variant,,ENST00000256474.3:c.163G>C,ENSP00000256474.3:p.Glu55Gln,0.970503546,-1.000516948,0,332,4,789350,4,332,4,0,735918,0,5.06746E-06,5.06538E-06,5.43539E-06,c.163G>C
3-10141852-C-G,missense_variant,,ENST00000256474.3:c.5C>G,ENSP00000256474.3:p.Pro2Arg,0.972448153,-1.000583768,0,332,3,789350,3,332,3,0,735924,0,3.8006E-06,3.79901E-06,4.07651E-06,c.5C>G
3-10149899-A-C,synonymous_variant,rs1372952726,ENST00000256474.3:c.576A>C,ENSP00000256474.3:p.Pro192=,0.972493381,-1.000513964,0,332,5,789350,5,332,5,0,735926,0,6.33433E-06,6.33166E-06,6.79416E-06,c.576A>C
3-10142048-C-G,missense_variant,,ENST00000256474.3:c.201C>G,ENSP00000256474.3:p.Asn67Lys,0.973027925,-1.001320826,0,332,1,789350,1,332,1,0,735914,0,1.26687E-06,1.26635E-06,1.35885E-06,c.201C>G
3-10149958-G-T,missense_variant,,ENST00000256474.3:c.635G>T,ENSP00000256474.3:p.Gly212Val,0.974018239,-1.000488857,0,332,3,789350,3,332,3,0,735926,0,3.8006E-06,3.799E-06,4.0765E-06,c.635G>T
3-10141961-C-T,synonymous_variant,,ENST00000256474.3:c.114C>T,ENSP00000256474.3:p.Ser38=,0.974466416,-1.000415236,0,332,4,789350,4,332,4,0,735760,0,5.06746E-06,5.06643E-06,5.43656E-06,c.114C>T
3-10141897-A-C,missense_variant,,ENST00000256474.3:c.50A>C,ENSP00000256474.3:p.Glu17Ala,0.974780065,-1.001371816,0,332,1,789350,1,332,1,0,735926,0,1.26687E-06,1.26633E-06,1.35883E-06,c.50A>C
3-10141967-G-A,synonymous_variant,rs1189123803,ENST00000256474.3:c.120G>A,ENSP00000256474.3:p.Pro40=,0.975498991,-1.000404479,0,332,4,789350,4,332,4,0,735752,0,5.06746E-06,5.06648E-06,5.43661E-06,c.120G>A
3-10149875-C-G,synonymous_variant,,ENST00000256474.3:c.552C>G,ENSP00000256474.3:p.Leu184=,0.975577742,-1.00044762,0,332,3,789350,3,332,3,0,735926,0,3.8006E-06,3.799E-06,4.0765E-06,c.552C>G
3-10141929-G-A,missense_variant,rs1553619319,ENST00000256474.3:c.82G>A,ENSP00000256474.3:p.Asp28Asn,0.975890636,-1.001027388,0,332,1,789350,1,332,1,0,735900,0,1.26687E-06,1.26638E-06,1.35888E-06,c.82G>A
3-10142030-C-T,synonymous_variant,,ENST00000256474.3:c.183C>T,ENSP00000256474.3:p.Pro61=,0.975931336,-1.000983717,0,332,1,789350,1,332,1,0,735916,0,1.26687E-06,1.26635E-06,1.35885E-06,c.183C>T
3-10141872-G-C,missense_variant,,ENST00000256474.3:c.25G>C,ENSP00000256474.3:p.Asp9His,0.976038958,-1.001027244,0,332,1,789350,1,332,1,0,735926,0,1.26687E-06,1.26633E-06,1.35883E-06,c.25G>C
3-10141955-G-GGAGTCCGGCCCGGAA,inframe_insertion,,ENST00000256474.3:c.123_137dup,ENSP00000256474.3:p.Ser43_Glu47dup,0.976041191,-1.000278467,0,332,5,789350,5,332,5,0,735864,0,6.33433E-06,6.33219E-06,6.79473E-06,c.123_137dup
3-10146575-A-G,synonymous_variant,rs201482330,ENST00000256474.3:c.402A>G,ENSP00000256474.3:p.Glu134=,0.976084393,-1.00065645,0,332,2,789350,2,332,2,0,735926,0,2.53373E-06,2.53267E-06,2.71766E-06,c.402A>G
3-10141894-A-G,missense_variant,,ENST00000256474.3:c.47A>G,ENSP00000256474.3:p.Glu16Gly,0.976285002,-1.001028184,0,332,1,789350,1,332,1,0,735926,0,1.26687E-06,1.26633E-06,1.35883E-06,c.47A>G
3-10142185-G-C,missense_variant,,ENST00000256474.3:c.338G>C,ENSP00000256474.3:p.Arg113Pro,0.976341286,-1.000432396,0,332,3,789350,3,332,3,0,735918,0,3.8006E-06,3.79904E-06,4.07654E-06,c.338G>C
3-10142073-T-G,missense_variant,,ENST00000256474.3:c.226T>G,ENSP00000256474.3:p.Phe76Val,0.976347752,-1.000989647,0,332,1,789350,1,332,1,0,735916,0,1.26687E-06,1.26635E-06,1.35885E-06,c.226T>G
3-10142034-C-T,synonymous_variant,,ENST00000256474.3:c.187C>T,ENSP00000256474.3:p.Leu63=,0.976767151,-1.001032834,0,332,1,789350,1,332,1,0,735916,0,1.26687E-06,1.26635E-06,1.35885E-06,c.187C>T
3-10149919-A-C,missense_variant,rs760690217,ENST00000256474.3:c.596A>C,ENSP00000256474.3:p.Glu199Ala,0.976899079,-1.000469748,0,332,3,789350,3,332,3,0,735924,0,3.8006E-06,3.79901E-06,4.07651E-06,c.596A>C
3-10141949-C-T,synonymous_variant,rs967421751,ENST00000256474.3:c.102C>T,ENSP00000256474.3:p.Gly34=,0.977006121,-1.000430164,0,332,3,789350,3,332,3,0,735856,0,3.8006E-06,3.79935E-06,4.07688E-06,c.102C>T
3-10141963-G-T,missense_variant,,ENST00000256474.3:c.116G>T,ENSP00000256474.3:p.Gly39Val,0.977393351,-1.000497686,0,332,2,789350,2,332,2,0,735792,0,2.53373E-06,2.53311E-06,2.71816E-06,c.116G>T
3-10141966-C-G,missense_variant,,ENST00000256474.3:c.119C>G,ENSP00000256474.3:p.Pro40Arg,0.977646507,-1.000391581,0,332,3,789350,3,332,2,0,735782,0,3.8006E-06,3.79971E-06,2.7182E-06,c.119C>G
3-10141973-G-C,missense_variant,,ENST00000256474.3:c.126G>C,ENSP00000256474.3:p.Glu42Asp,0.977708729,-1.000881858,0,332,1,789350,1,332,1,0,735864,0,1.26687E-06,1.26644E-06,1.35895E-06,c.126G>C
3-10141885-T-C,missense_variant,,ENST00000256474.3:c.38T>C,ENSP00000256474.3:p.Val13Ala,0.97779605,-1.000483083,0,332,2,789350,2,332,1,0,735926,0,2.53373E-06,2.53267E-06,1.35883E-06,c.38T>C
3-10142162-G-C,synonymous_variant,,ENST00000256474.3:c.315G>C,ENSP00000256474.3:p.Thr105=,0.977842222,-1.000405483,0,332,3,789350,3,332,3,0,735918,0,3.8006E-06,3.79904E-06,4.07654E-06,c.315G>C
3-10149907-A-C,missense_variant,,ENST00000256474.3:c.584A>C,ENSP00000256474.3:p.Gln195Pro,0.977863791,-1.000508874,0,332,2,789350,2,332,2,0,735926,0,2.53373E-06,2.53267E-06,2.71766E-06,c.584A>C
3-10146606-C-G,missense_variant,,ENST00000256474.3:c.433C>G,ENSP00000256474.3:p.Gln145Glu,0.978049135,-1.000350446,0,332,3,789350,3,332,3,0,735924,0,3.8006E-06,3.79901E-06,4.07651E-06,c.433C>G
3-10142088-C-A,missense_variant,,ENST00000256474.3:c.241C>A,ENSP00000256474.3:p.Pro81Thr,0.978537196,-1.00080265,0,332,1,789350,1,332,1,0,735918,0,1.26687E-06,1.26635E-06,1.35885E-06,c.241C>A
3-10146520-T-G,missense_variant,rs879254230,ENST00000256474.3:c.347T>G,ENSP00000256474.3:p.Leu116Arg,0.97884816,-1.000832854,0,332,1,789350,1,332,1,0,735926,0,1.26687E-06,1.26633E-06,1.35883E-06,c.347T>G
3-10141932-G-T,missense_variant,,ENST00000256474.3:c.85G>T,ENSP00000256474.3:p.Gly29Cys,0.97890294,-1.000295275,0,332,3,789350,3,332,3,0,735920,0,3.8006E-06,3.79903E-06,4.07653E-06,c.85G>T
3-10142178-A-T,missense_variant,,ENST00000256474.3:c.331A>T,ENSP00000256474.3:p.Ser111Cys,0.979483608,-1.000752871,0,332,1,789350,1,332,1,0,735918,0,1.26687E-06,1.26635E-06,1.35885E-06,c.331A>T
3-10141854-C-T,missense_variant,rs878854130,ENST00000256474.3:c.7C>T,ENSP00000256474.3:p.Arg3Trp,0.979657248,-1.00061153,0,332,2,789350,2,332,2,0,735920,0,2.53373E-06,2.53268E-06,2.71769E-06,c.7C>T
3-10141977-G-A,missense_variant,rs1575921446,ENST00000256474.3:c.130G>A,ENSP00000256474.3:p.Gly44Ser,0.98005705,-1.00042635,0,332,2,789350,2,332,2,0,735914,0,2.53373E-06,2.5327E-06,2.71771E-06,c.130G>A
3-10142142-C-G,missense_variant,rs549807529,ENST00000256474.3:c.295C>G,ENSP00000256474.3:p.Pro99Ala,0.980185707,-1.000679681,0,332,1,789350,1,332,1,0,735918,0,1.26687E-06,1.26635E-06,1.35885E-06,c.295C>G
3-10149872-G-A,synonymous_variant,,ENST00000256474.3:c.549G>A,ENSP00000256474.3:p.Ser183=,0.980365021,-1.000340799,0,332,3,789350,3,332,3,0,735926,0,3.8006E-06,3.799E-06,4.0765E-06,c.549G>A
3-10149935-G-A,synonymous_variant,rs747805018,ENST00000256474.3:c.612G>A,ENSP00000256474.3:p.Glu204=,0.980431954,-1.000368477,0,332,2,789350,2,332,2,0,735926,0,2.53373E-06,2.53267E-06,2.71766E-06,c.612G>A
3-10142060-C-T,synonymous_variant,,ENST00000256474.3:c.213C>T,ENSP00000256474.3:p.Pro71=,0.980463234,-1.00040332,0,332,2,789350,2,332,2,0,735914,0,2.53373E-06,2.5327E-06,2.71771E-06,c.213C>T
3-10149852-A-C,synonymous_variant,,ENST00000256474.3:c.529A>C,ENSP00000256474.3:p.Arg177=,0.980607908,-1.000363914,0,332,2,789350,2,332,2,0,735926,0,2.53373E-06,2.53267E-06,2.71766E-06,c.529A>C
3-10146595-A-G,missense_variant,rs1064796570,ENST00000256474.3:c.422A>G,ENSP00000256474.3:p.Asn141Ser,0.980839987,-1.000669545,0,332,1,789350,1,332,1,0,735926,0,1.26687E-06,1.26633E-06,1.35883E-06,c.422A>G
3-10141856-G-C,synonymous_variant,,ENST00000256474.3:c.9G>C,ENSP00000256474.3:p.Arg3=,0.980882097,-1.000658134,0,332,1,789350,1,332,1,0,735926,0,1.26687E-06,1.26633E-06,1.35883E-06,c.9G>C
3-10141855-G-GGAGGGCGGAGAACTGGGAC,frameshift_variant,rs1455562175,ENST00000256474.3:c.13_31dup,ENSP00000256474.3:p.Ala11GlyfsTer22,0.981101902,-0.801239283,0,332,1,789350,1,332,1,0,735926,0,1.26687E-06,1.26633E-06,1.35883E-06,c.13_31dup
3-10142044-T-G,missense_variant,,ENST00000256474.3:c.197T>G,ENSP00000256474.3:p.Val66Gly,0.981213494,-1.000669289,0,332,1,789350,1,332,1,0,735916,0,1.26687E-06,1.26635E-06,1.35885E-06,c.197T>G
3-10141913-G-A,synonymous_variant,,ENST00000256474.3:c.66G>A,ENSP00000256474.3:p.Glu22=,0.981231473,-1.000626665,0,332,1,789350,1,332,1,0,735924,0,1.26687E-06,1.26634E-06,1.35884E-06,c.66G>A
3-10142127-G-C,missense_variant,,ENST00000256474.3:c.280G>C,ENSP00000256474.3:p.Glu94Gln,0.981247447,-1.000669341,0,332,1,789350,1,332,1,0,735918,0,1.26687E-06,1.26635E-06,1.35885E-06,c.280G>C
3-10141979-C-T,synonymous_variant,,ENST00000256474.3:c.132C>T,ENSP00000256474.3:p.Gly44=,0.981446506,-1.000624471,0,332,1,789350,1,332,1,0,735916,0,1.26687E-06,1.26635E-06,1.35885E-06,c.132C>T
3-10141889-C-A,synonymous_variant,,ENST00000256474.3:c.42C>A,ENSP00000256474.3:p.Gly14=,0.981621286,-1.000645361,0,332,1,789350,1,332,1,0,735926,0,1.26687E-06,1.26633E-06,1.35883E-06,c.42C>A
3-10142071-T-C,missense_variant,,ENST00000256474.3:c.224T>C,ENSP00000256474.3:p.Ile75Thr,0.981696475,-1.000601713,0,332,1,789350,1,332,1,0,735916,0,1.26687E-06,1.26635E-06,1.35885E-06,c.224T>C
3-10149850-G-A,missense_variant,,ENST00000256474.3:c.527G>A,ENSP00000256474.3:p.Arg176Lys,0.981780662,-1.000597428,0,332,1,789350,1,332,1,0,735924,0,1.26687E-06,1.26634E-06,1.35884E-06,c.527G>A
3-10149845-T-G,missense_variant,,ENST00000256474.3:c.522T>G,ENSP00000256474.3:p.Asn174Lys,0.981852919,-1.000618149,0,332,1,789350,1,332,1,0,735926,0,1.26687E-06,1.26633E-06,1.35883E-06,c.522T>G
3-10141890-G-A,missense_variant,rs1060503568,ENST00000256474.3:c.43G>A,ENSP00000256474.3:p.Ala15Thr,0.981987625,-1.00061789,0,332,1,789350,1,332,1,0,735926,0,1.26687E-06,1.26633E-06,1.35883E-06,c.43G>A
3-10149830-A-G,synonymous_variant,,ENST00000256474.3:c.507A>G,ENSP00000256474.3:p.Leu169=,0.982289742,-1.000588492,0,332,1,789350,1,332,1,0,735924,0,1.26687E-06,1.26634E-06,1.35884E-06,c.507A>G
3-10141952-C-T,synonymous_variant,,ENST00000256474.3:c.105C>T,ENSP00000256474.3:p.Ala35=,0.982347821,-1.000560329,0,332,1,789350,1,332,1,0,735852,0,1.26687E-06,1.26646E-06,1.35897E-06,c.105C>T
3-10149929-A-G,synonymous_variant,,ENST00000256474.3:c.606A>G,ENSP00000256474.3:p.Thr202=,0.982459719,-1.000329606,0,332,2,789350,2,332,2,0,735926,0,2.53373E-06,2.53267E-06,2.71766E-06,c.606A>G
3-10141957-A-G,missense_variant,,ENST00000256474.3:c.110A>G,ENSP00000256474.3:p.Glu37Gly,0.98269543,-1.000556843,0,332,1,789350,1,332,1,0,735730,0,1.26687E-06,1.26666E-06,1.35919E-06,c.110A>G
3-10149879-G-C,missense_variant,,ENST00000256474.3:c.556G>C,ENSP00000256474.3:p.Glu186Gln,0.982746273,-1.000555233,0,332,1,789350,1,332,1,0,735926,0,1.26687E-06,1.26633E-06,1.35883E-06,c.556G>C
3-10141993-G-A,missense_variant,rs1252338161,ENST00000256474.3:c.146G>A,ENSP00000256474.3:p.Gly49Asp,0.982904727,-1.00052265,0,332,1,789350,1,332,1,0,735918,0,1.26687E-06,1.26635E-06,1.35885E-06,c.146G>A
3-10149863-C-T,synonymous_variant,rs374927292,ENST00000256474.3:c.540C>T,ENSP00000256474.3:p.Ile180=,0.983124761,-1.000529219,0,332,1,789350,1,332,1,0,735926,0,1.26687E-06,1.26633E-06,1.35883E-06,c.540C>T
3-10142161-C-T,missense_variant,rs761240835,ENST00000256474.3:c.314C>T,ENSP00000256474.3:p.Thr105Met,0.983377347,-1.000506476,0,332,1,789350,1,332,1,0,735918,0,1.26687E-06,1.26635E-06,1.35885E-06,c.314C>T
3-10141966-C-T,missense_variant,,ENST00000256474.3:c.119C>T,ENSP00000256474.3:p.Pro40Leu,0.983419827,-1.000285542,0,332,2,789350,2,332,2,0,735782,0,2.53373E-06,2.53314E-06,2.7182E-06,c.119C>T
3-10142132-G-A,synonymous_variant,,ENST00000256474.3:c.285G>A,ENSP00000256474.3:p.Pro95=,0.983515554,-1.00034627,0,332,2,789350,2,332,2,0,735918,0,2.53373E-06,2.53269E-06,2.71769E-06,c.285G>A
3-10149863-C-G,missense_variant,,ENST00000256474.3:c.540C>G,ENSP00000256474.3:p.Ile180Met,0.983544499,-1.000308688,0,332,2,789350,2,332,1,0,735926,0,2.53373E-06,2.53267E-06,1.35883E-06,c.540C>G
3-10142057-G-T,missense_variant,,ENST00000256474.3:c.210G>T,ENSP00000256474.3:p.Glu70Asp,0.983615437,-1.000485438,0,332,1,789350,1,332,1,0,735914,0,1.26687E-06,1.26635E-06,1.35885E-06,c.210G>T
3-10142136-C-T,missense_variant,,ENST00000256474.3:c.289C>T,ENSP00000256474.3:p.Pro97Ser,0.983986468,-1.000493188,0,332,1,789350,1,332,1,0,735918,0,1.26687E-06,1.26635E-06,1.35885E-06,c.289C>T
3-10146600-G-T,missense_variant,,ENST00000256474.3:c.427G>T,ENSP00000256474.3:p.Asp143Tyr,0.984197861,-1.000512952,0,332,1,789350,1,332,1,0,735924,0,1.26687E-06,1.26634E-06,1.35884E-06,c.427G>T
3-10141998-G-T,stop_gained,,ENST00000256474.3:c.151G>T,ENSP00000256474.3:p.Glu51Ter,0.984219325,-0.80085002,0,332,2,789350,2,332,1,0,735918,0,2.53373E-06,2.53269E-06,1.35885E-06,c.151G>T
3-10142016-G-T,missense_variant,,ENST00000256474.3:c.169G>T,ENSP00000256474.3:p.Gly57Trp,0.984568226,-1.000459037,0,332,1,789350,1,332,1,0,735918,0,1.26687E-06,1.26635E-06,1.35885E-06,c.169G>T
3-10149930-C-A,missense_variant,,ENST00000256474.3:c.607C>A,ENSP00000256474.3:p.Gln203Lys,0.98461987,-1.000438049,0,332,1,789350,1,332,1,0,735926,0,1.26687E-06,1.26633E-06,1.35883E-06,c.607C>A
3-10142053-G-T,missense_variant,,ENST00000256474.3:c.206G>T,ENSP00000256474.3:p.Arg69Leu,0.984709096,-1.000175335,0,332,3,789350,3,332,3,0,735914,0,3.8006E-06,3.79906E-06,4.07656E-06,c.206G>T
3-10142002-A-G,missense_variant,,ENST00000256474.3:c.155A>G,ENSP00000256474.3:p.Glu52Gly,0.984790029,-1.000419281,0,332,1,789350,1,332,1,0,735918,0,1.26687E-06,1.26635E-06,1.35885E-06,c.155A>G
3-10142118-T-C,missense_variant,,ENST00000256474.3:c.271T>C,ENSP00000256474.3:p.Phe91Leu,0.985025365,-1.000400505,0,332,1,789350,1,332,1,0,735918,0,1.26687E-06,1.26635E-06,1.35885E-06,c.271T>C
3-10146604-G-A,missense_variant,,ENST00000256474.3:c.431G>A,ENSP00000256474.3:p.Gly144Glu,0.985060145,-1.000394873,0,332,1,789350,1,332,1,0,735926,0,1.26687E-06,1.26633E-06,1.35883E-06,c.431G>A
3-10141946-G-T,synonymous_variant,,ENST00000256474.3:c.99G>T,ENSP00000256474.3:p.Ser33=,0.985147091,-1.000389539,0,332,1,789350,1,332,1,0,735850,0,1.26687E-06,1.26646E-06,1.35897E-06,c.99G>T
3-10146525-C-T,missense_variant,rs773684010,ENST00000256474.3:c.352C>T,ENSP00000256474.3:p.Leu118Phe,0.985369276,-1.000376969,0,332,1,789350,1,332,1,0,735926,0,1.26687E-06,1.26633E-06,1.35883E-06,c.352C>T
3-10149875-C-T,synonymous_variant,,ENST00000256474.3:c.552C>T,ENSP00000256474.3:p.Leu184=,0.985925801,-1.000351221,0,332,1,789350,1,332,1,0,735926,0,1.26687E-06,1.26633E-06,1.35883E-06,c.552C>T
3-10142121-G-C,missense_variant,,ENST00000256474.3:c.274G>C,ENSP00000256474.3:p.Asp92His,0.98613215,-1.000349588,0,332,1,789350,1,332,1,0,735918,0,1.26687E-06,1.26635E-06,1.35885E-06,c.274G>C
3-10142016-G-GGGCGGC,inframe_insertion,,ENST00000256474.3:c.170_175dup,ENSP00000256474.3:p.Arg58_Pro59insArgArg,0.986374884,-1.000349907,0,332,1,789350,1,332,1,0,735918,0,1.26687E-06,1.26635E-06,1.35885E-06,c.170_175dup
3-10142062-C-G,missense_variant,,ENST00000256474.3:c.215C>G,ENSP00000256474.3:p.Ser72Cys,0.986496044,-1.000339332,0,332,1,789350,1,332,1,0,735914,0,1.26687E-06,1.26635E-06,1.35885E-06,c.215C>G
3-10142139-T-C,missense_variant,rs5030809,ENST00000256474.3:c.292T>C,ENSP00000256474.3:p.Tyr98His,0.986506812,-1.000322889,0,332,1,789350,1,332,1,0,735918,0,1.26687E-06,1.26635E-06,1.35885E-06,c.292T>C
3-10141941-G-A,missense_variant,,ENST00000256474.3:c.94G>A,ENSP00000256474.3:p.Glu32Lys,0.98654919,-1.000211967,0,332,2,789350,2,332,2,0,735920,0,2.53373E-06,2.53268E-06,2.71769E-06,c.94G>A
3-10141854-C-A,synonymous_variant,,ENST00000256474.3:c.7C>A,ENSP00000256474.3:p.Arg3=,0.986556853,-1.00036759,0,332,1,789350,1,332,1,0,735920,0,1.26687E-06,1.26634E-06,1.35884E-06,c.7C>A
3-10141853-C-T,synonymous_variant,,ENST00000256474.3:c.6C>T,ENSP00000256474.3:p.Pro2=,0.986659355,-1.000370896,0,332,1,789350,1,332,1,0,735920,0,1.26687E-06,1.26634E-06,1.35884E-06,c.6C>T
3-10141986-G-A,missense_variant,rs1457039250,ENST00000256474.3:c.139G>A,ENSP00000256474.3:p.Glu47Lys,0.98668267,-1.000306766,0,332,1,789350,1,332,1,0,735918,0,1.26687E-06,1.26635E-06,1.35885E-06,c.139G>A
3-10142059-C-T,missense_variant,,ENST00000256474.3:c.212C>T,ENSP00000256474.3:p.Pro71Leu,0.986836764,-1.000314661,0,332,1,789350,1,332,1,0,735914,0,1.26687E-06,1.26635E-06,1.35885E-06,c.212C>T
3-10149833-C-G,synonymous_variant,,ENST00000256474.3:c.510C>G,ENSP00000256474.3:p.Val170=,0.986862077,-1.000361125,0,332,1,789350,1,332,1,0,735924,0,1.26687E-06,1.26634E-06,1.35884E-06,c.510C>G
3-10141980-C-G,missense_variant,rs1575921452,ENST00000256474.3:c.133C>G,ENSP00000256474.3:p.Pro45Ala,0.98711554,-1.000299498,0,332,1,789350,1,332,1,0,735914,0,1.26687E-06,1.26635E-06,1.35885E-06,c.133C>G
3-10142166-C-T,missense_variant,,ENST00000256474.3:c.319C>T,ENSP00000256474.3:p.Arg107Cys,0.987123963,-1.000323034,0,332,1,789350,1,332,1,0,735918,0,1.26687E-06,1.26635E-06,1.35885E-06,c.319C>T
3-10141850-G-C,start_lost,,ENST00000256474.3:c.3G>C,ENSP00000256474.3:p.Met1?,0.987170924,-1.000314723,0,332,1,789350,1,332,1,0,735920,0,1.26687E-06,1.26634E-06,1.35884E-06,c.3G>C
3-10141918-G-T,missense_variant,,ENST00000256474.3:c.71G>T,ENSP00000256474.3:p.Gly24Val,0.987304362,-1.000321322,0,332,1,789350,1,332,1,0,735922,0,1.26687E-06,1.26634E-06,1.35884E-06,c.71G>T
3-10149935-G-C,missense_variant,,ENST00000256474.3:c.612G>C,ENSP00000256474.3:p.Glu204Asp,0.987330698,-1.000297446,0,332,1,789350,1,332,1,0,735926,0,1.26687E-06,1.26633E-06,1.35883E-06,c.612G>C
3-10149962-T-G,missense_variant,,ENST00000256474.3:c.639T>G,ENSP00000256474.3:p.Asp213Glu,0.987345187,-1.000289182,0,332,1,789350,1,332,1,0,735926,0,1.26687E-06,1.26633E-06,1.35883E-06,c.639T>G
3-10142165-C-T,synonymous_variant,rs1177151702,ENST00000256474.3:c.318C>T,ENSP00000256474.3:p.Gly106=,0.987382132,-1.000324674,0,332,1,789350,1,332,1,0,735918,0,1.26687E-06,1.26635E-06,1.35885E-06,c.318C>T
3-10141901-A-G,synonymous_variant,,ENST00000256474.3:c.54A>G,ENSP00000256474.3:p.Ala18=,0.987952058,-1.000267977,0,332,1,789350,1,332,1,0,735926,0,1.26687E-06,1.26633E-06,1.35883E-06,c.54A>G
3-10141880-C-G,synonymous_variant,rs778674343,ENST00000256474.3:c.33C>G,ENSP00000256474.3:p.Ala11=,0.987971652,-1.000289729,0,332,1,789350,1,332,1,0,735926,0,1.26687E-06,1.26633E-06,1.35883E-06,c.33C>G
3-10142023-C-T,missense_variant,,ENST00000256474.3:c.176C>T,ENSP00000256474.3:p.Pro59Leu,0.988300821,-1.000255729,0,332,1,789350,1,332,1,0,735916,0,1.26687E-06,1.26635E-06,1.35885E-06,c.176C>T
3-10149808-G-C,missense_variant,,ENST00000256474.3:c.485G>C,ENSP00000256474.3:p.Cys162Ser,0.988347333,-1.000251946,0,332,1,789350,1,332,1,0,735920,0,1.26687E-06,1.26634E-06,1.35884E-06,c.485G>C
3-10141984-A-C,missense_variant,,ENST00000256474.3:c.137A>C,ENSP00000256474.3:p.Glu46Ala,0.988534824,-1.000239019,0,332,1,789350,1,332,1,0,735918,0,1.26687E-06,1.26635E-06,1.35885E-06,c.137A>C
3-10141959-TCCGGCC-T,inframe_deletion,,ENST00000256474.3:c.114_119del,ENSP00000256474.3:p.Gly39_Pro40del,0.98853962,-1.000256362,0,332,1,789350,1,332,1,0,735794,0,1.26687E-06,1.26655E-06,1.35908E-06,c.114_119del
3-10142003-G-A,synonymous_variant,,ENST00000256474.3:c.156G>A,ENSP00000256474.3:p.Glu52=,0.988616957,-1.000261676,0,332,1,789350,1,332,1,0,735916,0,1.26687E-06,1.26635E-06,1.35885E-06,c.156G>A
3-10141883-G-C,missense_variant,,ENST00000256474.3:c.36G>C,ENSP00000256474.3:p.Glu12Asp,0.989003552,-1.000165596,0,332,2,789350,2,332,2,0,735924,0,2.53373E-06,2.53267E-06,2.71767E-06,c.36G>C
3-10142082-C-T,missense_variant,,ENST00000256474.3:c.235C>T,ENSP00000256474.3:p.Arg79Cys,0.989035096,-1.000152067,0,332,2,789350,2,332,2,0,735916,0,2.53373E-06,2.5327E-06,2.7177E-06,c.235C>T
3-10141848-A-G,start_lost,,ENST00000256474.3:c.1A>G,ENSP00000256474.3:p.Met1?,0.989252229,-1.000222949,0,332,1,789350,1,332,1,0,735924,0,1.26687E-06,1.26634E-06,1.35884E-06,c.1A>G
3-10149787-T-C,missense_variant,,ENST00000256474.3:c.464T>C,ENSP00000256474.3:p.Val155Ala,0.989358767,-1.0002063,0,332,1,789350,1,332,1,0,735856,0,1.26687E-06,1.26646E-06,1.35896E-06,c.464T>C
3-10149871-C-T,missense_variant,,ENST00000256474.3:c.548C>T,ENSP00000256474.3:p.Ser183Leu,0.989423207,-1.00021318,0,332,1,789350,1,332,1,0,735924,0,1.26687E-06,1.26634E-06,1.35884E-06,c.548C>T
3-10146621-A-C,missense_variant,,ENST00000256474.3:c.448A>C,ENSP00000256474.3:p.Asn150His,0.989479397,-1.000225353,0,332,1,789350,1,332,1,0,735926,0,1.26687E-06,1.26633E-06,1.35883E-06,c.448A>C
3-10142096-C-A,synonymous_variant,,ENST00000256474.3:c.249C>A,ENSP00000256474.3:p.Val83=,0.98951081,-1.000213279,0,332,1,789350,1,332,1,0,735918,0,1.26687E-06,1.26635E-06,1.35885E-06,c.249C>A
3-10141961-C-G,synonymous_variant,,ENST00000256474.3:c.114C>G,ENSP00000256474.3:p.Ser38=,0.989573463,-1.00020658,0,332,1,789350,1,332,1,0,735760,0,1.26687E-06,1.26661E-06,1.35914E-06,c.114C>G
3-10141900-C-T,missense_variant,rs1553619302,ENST00000256474.3:c.53C>T,ENSP00000256474.3:p.Ala18Val,0.989815082,-1.000249037,0,332,1,789350,1,332,1,0,735926,0,1.26687E-06,1.26633E-06,1.35883E-06,c.53C>T
3-10142034-C-G,missense_variant,,ENST00000256474.3:c.187C>G,ENSP00000256474.3:p.Leu63Val,0.98991115,-1.000183468,0,332,1,789350,1,332,1,0,735916,0,1.26687E-06,1.26635E-06,1.35885E-06,c.187C>G
3-10141980-C-A,missense_variant,,ENST00000256474.3:c.133C>A,ENSP00000256474.3:p.Pro45Thr,0.989950994,-1.00019307,0,332,1,789350,1,332,1,0,735914,0,1.26687E-06,1.26635E-06,1.35885E-06,c.133C>A
3-10141955-G-A,synonymous_variant,rs1553619344,ENST00000256474.3:c.108G>A,ENSP00000256474.3:p.Glu36=,0.990026994,-1.000204354,0,332,1,789350,1,332,1,0,735864,0,1.26687E-06,1.26644E-06,1.35895E-06,c.108G>A
3-10142015-C-G,synonymous_variant,,ENST00000256474.3:c.168C>G,ENSP00000256474.3:p.Ala56=,0.990243466,-1.000197153,0,332,1,789350,1,332,1,0,735918,0,1.26687E-06,1.26635E-06,1.35885E-06,c.168C>G
3-10142077-G-A,missense_variant,,ENST00000256474.3:c.230G>A,ENSP00000256474.3:p.Cys77Tyr,0.990263779,-1.00019152,0,332,1,789350,1,332,1,0,735916,0,1.26687E-06,1.26635E-06,1.35885E-06,c.230G>A
3-10141879-C-G,missense_variant,,ENST00000256474.3:c.32C>G,ENSP00000256474.3:p.Ala11Gly,0.990574301,-1.000169618,0,332,1,789350,1,332,1,0,735924,0,1.26687E-06,1.26634E-06,1.35884E-06,c.32C>G
3-10141951-C-A,missense_variant,,ENST00000256474.3:c.104C>A,ENSP00000256474.3:p.Ala35Asp,0.990622728,-1.00020718,0,332,1,789350,1,332,1,0,735858,0,1.26687E-06,1.26645E-06,1.35896E-06,c.104C>A
3-10142185-G-A,missense_variant,,ENST00000256474.3:c.338G>A,ENSP00000256474.3:p.Arg113Gln,0.990857854,-1.000182388,0,332,1,789350,1,332,1,0,735918,0,1.26687E-06,1.26635E-06,1.35885E-06,c.338G>A
3-10149901-A-T,missense_variant,,ENST00000256474.3:c.578A>T,ENSP00000256474.3:p.Asn193Ile,0.991283995,-1.000173122,0,332,1,789350,1,332,1,0,735926,0,1.26687E-06,1.26633E-06,1.35883E-06,c.578A>T
3-10141883-G-T,missense_variant,,ENST00000256474.3:c.36G>T,ENSP00000256474.3:p.Glu12Asp,0.991506712,-1.000157592,0,332,1,789350,1,332,1,0,735924,0,1.26687E-06,1.26634E-06,1.35884E-06,c.36G>T
3-10142030-C-A,synonymous_variant,,ENST00000256474.3:c.183C>A,ENSP00000256474.3:p.Pro61=,0.991912363,-1.000200301,0,332,1,789350,1,332,1,0,735916,0,1.26687E-06,1.26635E-06,1.35885E-06,c.183C>A
3-10142072-C-G,missense_variant,,ENST00000256474.3:c.225C>G,ENSP00000256474.3:p.Ile75Met,0.992078697,-1.00020038,0,332,1,789350,1,332,1,0,735916,0,1.26687E-06,1.26635E-06,1.35885E-06,c.225C>G
3-10146581-T-G,missense_variant,rs878854125,ENST00000256474.3:c.408T>G,ENSP00000256474.3:p.Phe136Leu,0.992228561,-1.00012995,0,332,1,789350,1,332,1,0,735926,0,1.26687E-06,1.26633E-06,1.35883E-06,c.408T>G
3-10142127-G-A,missense_variant,,ENST00000256474.3:c.280G>A,ENSP00000256474.3:p.Glu94Lys,0.992858266,-1.000138712,0,332,1,789350,1,332,1,0,735918,0,1.26687E-06,1.26635E-06,1.35885E-06,c.280G>A
3-10142008-T-TG,frameshift_variant,,ENST00000256474.3:c.163dup,ENSP00000256474.3:p.Glu55GlyfsTer77,0.992867246,-0.800732328,0,332,1,789350,1,332,1,0,735918,0,1.26687E-06,1.26635E-06,1.35885E-06,c.163dup
3-10141956-G-C,missense_variant,,ENST00000256474.3:c.109G>C,ENSP00000256474.3:p.Glu37Gln,0.993213246,-1.000103093,0,332,1,789350,1,332,1,0,735732,0,1.26687E-06,1.26666E-06,1.35919E-06,c.109G>C
3-10149936-C-T,missense_variant,,ENST00000256474.3:c.613C>T,ENSP00000256474.3:p.Arg205Cys,0.993253018,-1.000109371,0,332,1,789350,1,332,1,0,735924,0,1.26687E-06,1.26634E-06,1.35884E-06,c.613C>T
3-10141907-C-A,synonymous_variant,,ENST00000256474.3:c.60C>A,ENSP00000256474.3:p.Val20=,0.993588135,-1.000086839,0,332,1,789350,1,332,1,0,735924,0,1.26687E-06,1.26634E-06,1.35884E-06,c.60C>A
3-10142175-C-T,missense_variant,rs17855706,ENST00000256474.3:c.328C>T,ENSP00000256474.3:p.His110Tyr,0.9947949,-1.000063958,0,332,1,789350,1,332,1,0,735918,0,1.26687E-06,1.26635E-06,1.35885E-06,c.328C>T
3-10142006-G-C,missense_variant,,ENST00000256474.3:c.159G>C,ENSP00000256474.3:p.Glu53Asp,0.995357275,-1.000050316,0,332,1,789350,1,332,1,0,735918,0,1.26687E-06,1.26635E-06,1.35885E-06,c.159G>C
3-10142072-C-T,synonymous_variant,,ENST00000256474.3:c.225C>T,ENSP00000256474.3:p.Ile75=,0.995385095,-1.000052971,0,332,1,789350,1,332,1,0,735916,0,1.26687E-06,1.26635E-06,1.35885E-06,c.225C>T
3-10149864-G-A,missense_variant,rs878854127,ENST00000256474.3:c.541G>A,ENSP00000256474.3:p.Val181Ile,0.995666534,-1.000053468,0,332,1,789350,1,332,1,0,735924,0,1.26687E-06,1.26634E-06,1.35884E-06,c.541G>A
3-10142001-G-T,stop_gained,,ENST00000256474.3:c.154G>T,ENSP00000256474.3:p.Glu52Ter,0.995898772,-0.80068378,0,332,1,789350,1,332,1,0,735918,0,1.26687E-06,1.26635E-06,1.35885E-06,c.154G>T
3-10141778-G-A,5_prime_UTR_variant,,ENST00000256474.3:c.-70G>A,,,,NaN,332,NaN,789350,,332,2,0,713186,,,,2.80432E-06,c.-70G>A
3-10141778-G-T,5_prime_UTR_variant,,ENST00000256474.3:c.-70G>T,,,,NaN,332,NaN,789350,,332,1,0,713186,,,,1.40216E-06,c.-70G>T
3-10141782-C-CTCCGCCCCGCG,5_prime_UTR_variant,rs727503743,ENST00000256474.3:c.-61_-51dup,,,,NaN,332,NaN,789350,,332,73,0,718786,,,,0.00010156,c.-61_-51dup
3-10141784-C-T,5_prime_UTR_variant,rs772944298,ENST00000256474.3:c.-64C>T,,,,NaN,332,NaN,789350,,332,245,0,724904,,,,0.000337976,c.-64C>T
3-10141786-G-A,5_prime_UTR_variant,,ENST00000256474.3:c.-62G>A,,,,NaN,332,NaN,789350,,332,1,0,726578,,,,1.37631E-06,c.-62G>A
3-10141787-CCCCGCGTCCGACCCGCGGAT-C,5_prime_UTR_variant,,ENST00000256474.3:c.-54_-35del,,,,NaN,332,NaN,789350,,332,4,0,723718,,,,5.52701E-06,c.-54_-35del
3-10141788-C-T,5_prime_UTR_variant,,ENST00000256474.3:c.-60C>T,,,,NaN,332,NaN,789350,,332,1,0,725266,,,,1.3788E-06,c.-60C>T
3-10141789-C-T,5_prime_UTR_variant,,ENST00000256474.3:c.-59C>T,,,,NaN,332,NaN,789350,,332,1,0,729390,,,,1.37101E-06,c.-59C>T
3-10141790-C-T,5_prime_UTR_variant,rs1416297942,ENST00000256474.3:c.-58C>T,,,,NaN,332,NaN,789350,,332,3,0,727230,,,,4.12524E-06,c.-58C>T
3-10141790-CGCGTCCGACCCGCGGATCCCGCG-C,5_prime_UTR_variant,,ENST00000256474.3:c.-50_-28del,,,,NaN,332,NaN,789350,,332,2,0,727232,,,,2.75015E-06,c.-50_-28del
3-10141791-G-A,5_prime_UTR_variant,,ENST00000256474.3:c.-57G>A,,,,NaN,332,NaN,789350,,332,2,0,730410,,,,2.73819E-06,c.-57G>A
3-10141793-G-A,5_prime_UTR_variant,,ENST00000256474.3:c.-55G>A,,,,NaN,332,NaN,789350,,332,1,0,732200,,,,1.36575E-06,c.-55G>A
3-10141793-G-T,5_prime_UTR_variant,,ENST00000256474.3:c.-55G>T,,,,NaN,332,NaN,789350,,332,1,0,732200,,,,1.36575E-06,c.-55G>T
3-10141795-C-T,5_prime_UTR_variant,,ENST00000256474.3:c.-53C>T,,,,NaN,332,NaN,789350,,332,2,0,730512,,,,2.73781E-06,c.-53C>T
3-10141796-C-T,5_prime_UTR_variant,,ENST00000256474.3:c.-52C>T,,,,NaN,332,NaN,789350,,332,1,0,731396,,,,1.36725E-06,c.-52C>T
3-10141797-G-A,5_prime_UTR_variant,,ENST00000256474.3:c.-51G>A,,,,NaN,332,NaN,789350,,332,6,0,732330,,,,8.19303E-06,c.-51G>A
3-10141798-A-ACCCGCGGATCCCGCGGCGTCCGG,5_prime_UTR_variant,,ENST00000256474.3:c.-45_-23dup,,,,NaN,332,NaN,789350,,332,1,0,732284,,,,1.36559E-06,c.-45_-23dup
3-10141798-A-C,5_prime_UTR_variant,rs942087597,ENST00000256474.3:c.-50A>C,,,,NaN,332,NaN,789350,,332,1,0,732284,,,,1.36559E-06,c.-50A>C
3-10141798-A-T,5_prime_UTR_variant,,ENST00000256474.3:c.-50A>T,,,,NaN,332,NaN,789350,,332,1,0,732284,,,,1.36559E-06,c.-50A>T
3-10141799-C-T,5_prime_UTR_variant,rs1488933130,ENST00000256474.3:c.-49C>T,,,,NaN,332,NaN,789350,,332,1,0,732568,,,,1.36506E-06,c.-49C>T
3-10141800-C-T,5_prime_UTR_variant,,ENST00000256474.3:c.-48C>T,,,,NaN,332,NaN,789350,,332,3,0,733258,,,,4.09133E-06,c.-48C>T
3-10141802-G-A,5_prime_UTR_variant,rs1219913293,ENST00000256474.3:c.-46G>A,,,,NaN,332,NaN,789350,,332,1,0,734214,,,,1.362E-06,c.-46G>A
3-10141803-C-T,5_prime_UTR_variant,,ENST00000256474.3:c.-45C>T,,,,NaN,332,NaN,789350,,332,50,0,733782,,,,6.81401E-05,c.-45C>T
3-10141804-G-T,5_prime_UTR_variant,rs929301467,ENST00000256474.3:c.-44G>T,,,,NaN,332,NaN,789350,,332,39,0,734136,,,,5.31237E-05,c.-44G>T
3-10141808-C-G,5_prime_UTR_variant,,ENST00000256474.3:c.-40C>G,,,,NaN,332,NaN,789350,,332,5,0,734124,,,,6.81084E-06,c.-40C>G
3-10141808-C-T,5_prime_UTR_variant,,ENST00000256474.3:c.-40C>T,,,,NaN,332,NaN,789350,,332,1,0,734124,,,,1.36217E-06,c.-40C>T
3-10141810-C-G,5_prime_UTR_variant,,ENST00000256474.3:c.-38C>G,,,,NaN,332,NaN,789350,,332,1,0,734918,,,,1.3607E-06,c.-38C>G
3-10141810-C-T,5_prime_UTR_variant,rs933174704,ENST00000256474.3:c.-38C>T,,,,NaN,332,NaN,789350,,332,1,0,734918,,,,1.3607E-06,c.-38C>T
3-10141811-G-C,5_prime_UTR_variant,,ENST00000256474.3:c.-37G>C,,,,NaN,332,NaN,789350,,332,3,0,734966,,,,4.08182E-06,c.-37G>C
3-10141812-C-A,5_prime_UTR_variant,,ENST00000256474.3:c.-36C>A,,,,NaN,332,NaN,789350,,332,1,0,734714,,,,1.36107E-06,c.-36C>A
3-10141812-C-G,5_prime_UTR_variant,,ENST00000256474.3:c.-36C>G,,,,NaN,332,NaN,789350,,332,16,0,734714,,,,2.17772E-05,c.-36C>G
3-10141813-G-A,5_prime_UTR_variant,,ENST00000256474.3:c.-35G>A,,,,NaN,332,NaN,789350,,332,9,0,735146,,,,1.22425E-05,c.-35G>A
3-10141815-CG-C,5_prime_UTR_variant,rs1304927781,ENST00000256474.3:c.-32del,,,,NaN,332,NaN,789350,,332,1,0,734962,,,,1.36061E-06,c.-32del
3-10141816-G-C,5_prime_UTR_variant,,ENST00000256474.3:c.-32G>C,,,,NaN,332,NaN,789350,,332,1,0,735500,,,,1.35962E-06,c.-32G>C
3-10141817-T-C,5_prime_UTR_variant,rs1291699289,ENST00000256474.3:c.-31T>C,,,,NaN,332,NaN,789350,,332,2,0,735560,,,,2.71902E-06,c.-31T>C
3-10141818-C-G,5_prime_UTR_variant,,ENST00000256474.3:c.-30C>G,,,,NaN,332,NaN,789350,,332,1,0,735576,,,,1.35948E-06,c.-30C>G
3-10141819-C-T,5_prime_UTR_variant,,ENST00000256474.3:c.-29C>T,,,,NaN,332,NaN,789350,,332,5,0,735576,,,,6.79739E-06,c.-29C>T
3-10141821-G-A,5_prime_UTR_variant,,ENST00000256474.3:c.-27G>A,,,,NaN,332,NaN,789350,,332,1,0,735716,,,,1.35922E-06,c.-27G>A
3-10141821-G-T,5_prime_UTR_variant,,ENST00000256474.3:c.-27G>T,,,,NaN,332,NaN,789350,,332,7,0,735716,,,,9.51454E-06,c.-27G>T
3-10141822-C-G,5_prime_UTR_variant,,ENST00000256474.3:c.-26C>G,,,,NaN,332,NaN,789350,,332,5,0,735680,,,,6.79643E-06,c.-26C>G
3-10141822-C-T,5_prime_UTR_variant,,ENST00000256474.3:c.-26C>T,,,,NaN,332,NaN,789350,,332,7,0,735680,,,,9.51501E-06,c.-26C>T
3-10141823-C-G,5_prime_UTR_variant,,ENST00000256474.3:c.-25C>G,,,,NaN,332,NaN,789350,,332,1,0,735758,,,,1.35914E-06,c.-25C>G
3-10141823-C-T,5_prime_UTR_variant,,ENST00000256474.3:c.-25C>T,,,,NaN,332,NaN,789350,,332,3,0,735758,,,,4.07743E-06,c.-25C>T
3-10141824-C-G,5_prime_UTR_variant,,ENST00000256474.3:c.-24C>G,,,,NaN,332,NaN,789350,,332,15,0,735794,,,,2.03861E-05,c.-24C>G
3-10141825-G-A,5_prime_UTR_variant,,ENST00000256474.3:c.-23G>A,,,,NaN,332,NaN,789350,,332,5,0,735810,,,,6.79523E-06,c.-23G>A
3-10141826-G-T,5_prime_UTR_variant,,ENST00000256474.3:c.-22G>T,,,,NaN,332,NaN,789350,,332,2,0,735816,,,,2.71807E-06,c.-22G>T
3-10141827-G-C,5_prime_UTR_variant,,ENST00000256474.3:c.-21G>C,,,,NaN,332,NaN,789350,,332,1,0,735816,,,,1.35904E-06,c.-21G>C
3-10141827-G-T,5_prime_UTR_variant,,ENST00000256474.3:c.-21G>T,,,,NaN,332,NaN,789350,,332,2,0,735816,,,,2.71807E-06,c.-21G>T
3-10141828-T-C,5_prime_UTR_variant,,ENST00000256474.3:c.-20T>C,,,,NaN,332,NaN,789350,,332,1,0,735714,,,,1.35922E-06,c.-20T>C
3-10141832-C-G,5_prime_UTR_variant,,ENST00000256474.3:c.-16C>G,,,,NaN,332,NaN,789350,,332,1,0,735900,,,,1.35888E-06,c.-16C>G
3-10141832-C-T,5_prime_UTR_variant,,ENST00000256474.3:c.-16C>T,,,,NaN,332,NaN,789350,,332,1,0,735900,,,,1.35888E-06,c.-16C>T
3-10141833-T-C,5_prime_UTR_variant,,ENST00000256474.3:c.-15T>C,,,,NaN,332,NaN,789350,,332,5,0,735904,,,,6.79436E-06,c.-15T>C
3-10141834-G-A,5_prime_UTR_variant,rs1271735513,ENST00000256474.3:c.-14G>A,,,,NaN,332,NaN,789350,,332,1,0,735890,,,,1.3589E-06,c.-14G>A
3-10141835-G-A,5_prime_UTR_variant,,ENST00000256474.3:c.-13G>A,,,,NaN,332,NaN,789350,,332,1,0,735920,,,,1.35884E-06,c.-13G>A
3-10141835-G-C,5_prime_UTR_variant,,ENST00000256474.3:c.-13G>C,,,,NaN,332,NaN,789350,,332,1,0,735920,,,,1.35884E-06,c.-13G>C
3-10141836-A-G,5_prime_UTR_variant,,ENST00000256474.3:c.-12A>G,,,,NaN,332,NaN,789350,,332,1,0,735906,,,,1.35887E-06,c.-12A>G
3-10141837-T-TCGCGGAGGGAATGC,5_prime_UTR_variant,rs730882038,ENST00000256474.3:c.-9_5dup,,,,NaN,332,NaN,789350,,332,2,0,735918,,,,2.71769E-06,c.-9_5dup
3-10141838-C-T,5_prime_UTR_variant,,ENST00000256474.3:c.-10C>T,,,,NaN,332,NaN,789350,,332,1,0,735904,,,,1.35887E-06,c.-10C>T
3-10141841-G-A,5_prime_UTR_variant,,ENST00000256474.3:c.-7G>A,,,,NaN,332,NaN,789350,,332,7,0,735924,,,,9.51185E-06,c.-7G>A
3-10141842-G-C,5_prime_UTR_variant,,ENST00000256474.3:c.-6G>C,,,,NaN,332,NaN,789350,,332,2,0,735924,,,,2.71767E-06,c.-6G>C
3-10141843-A-C,5_prime_UTR_variant,rs35793832,ENST00000256474.3:c.-5A>C,,,,NaN,332,NaN,789350,,332,1,0,735914,,,,1.35885E-06,c.-5A>C
3-10141843-A-G,5_prime_UTR_variant,,ENST00000256474.3:c.-5A>G,,,,NaN,332,NaN,789350,,332,2,0,735914,,,,2.71771E-06,c.-5A>G
3-10142033-G-C,synonymous_variant,,ENST00000256474.3:c.186G>C,ENSP00000256474.3:p.Val62=,,,NaN,332,NaN,789350,,332,1,0,735916,,,,1.35885E-06,c.186G>C
3-10142191-CG-C,splice_region_variant,rs1575922613,ENST00000256474.3:c.340+7del,,,,NaN,332,NaN,789350,,332,1,0,735918,,,,1.35885E-06,c.340+7del
3-10142192-G-A,splice_region_variant,,ENST00000256474.3:c.340+5G>A,,,,NaN,332,NaN,789350,,332,6,0,735916,,,,8.1531E-06,c.340+5G>A
3-10142192-G-C,splice_region_variant,rs61758376,ENST00000256474.3:c.340+5G>C,,,,NaN,332,NaN,789350,,332,103,0,735916,,,,0.000139962,c.340+5G>C
3-10142196-C-T,intron_variant,rs1575922622,ENST00000256474.3:c.340+9C>T,,,,NaN,332,NaN,789350,,332,1,0,735916,,,,1.35885E-06,c.340+9C>T
3-10142197-C-T,intron_variant,,ENST00000256474.3:c.340+10C>T,,,,NaN,332,NaN,789350,,332,2,0,735916,,,,2.7177E-06,c.340+10C>T
3-10142201-G-C,intron_variant,,ENST00000256474.3:c.340+14G>C,,,,NaN,332,NaN,789350,,332,1,0,735920,,,,1.35884E-06,c.340+14G>C
3-10142201-G-T,intron_variant,rs1057523480,ENST00000256474.3:c.340+14G>T,,,,NaN,332,NaN,789350,,332,3,0,735920,,,,4.07653E-06,c.340+14G>T
3-10142207-G-A,intron_variant,rs757151154,ENST00000256474.3:c.340+20G>A,,,,NaN,332,NaN,789350,,332,3,0,735920,,,,4.07653E-06,c.340+20G>A
3-10142210-C-T,intron_variant,,ENST00000256474.3:c.340+23C>T,,,,NaN,332,NaN,789350,,332,1,0,735922,,,,1.35884E-06,c.340+23C>T
3-10142212-A-G,intron_variant,,ENST00000256474.3:c.340+25A>G,,,,NaN,332,NaN,789350,,332,1,0,735916,,,,1.35885E-06,c.340+25A>G
3-10142213-C-T,intron_variant,,ENST00000256474.3:c.340+26C>T,,,,NaN,332,NaN,789350,,332,2,0,735910,,,,2.71772E-06,c.340+26C>T
3-10142217-G-GC,intron_variant,,ENST00000256474.3:c.340+31dup,,,,NaN,332,NaN,789350,,332,1,0,735910,,,,1.35886E-06,c.340+31dup
3-10142219-A-G,intron_variant,rs908690401,ENST00000256474.3:c.340+32A>G,,,,NaN,332,NaN,789350,,332,6,0,735910,,,,8.15317E-06,c.340+32A>G
3-10142223-A-G,intron_variant,,ENST00000256474.3:c.340+36A>G,,,,NaN,332,NaN,789350,,332,1,0,735892,,,,1.3589E-06,c.340+36A>G
3-10142224-C-G,intron_variant,,ENST00000256474.3:c.340+37C>G,,,,NaN,332,NaN,789350,,332,1,0,735864,,,,1.35895E-06,c.340+37C>G
3-10142224-C-T,intron_variant,,ENST00000256474.3:c.340+37C>T,,,,NaN,332,NaN,789350,,332,1,0,735864,,,,1.35895E-06,c.340+37C>T
3-10142225-G-T,intron_variant,,ENST00000256474.3:c.340+38G>T,,,,NaN,332,NaN,789350,,332,1,0,735872,,,,1.35893E-06,c.340+38G>T
3-10142241-G-A,intron_variant,rs1056142603,ENST00000256474.3:c.340+54G>A,,,,NaN,332,NaN,789350,,332,14,0,735586,,,,1.90324E-05,c.340+54G>A
3-10142245-C-G,intron_variant,,ENST00000256474.3:c.340+58C>G,,,,NaN,332,NaN,789350,,332,1,0,735168,,,,1.36023E-06,c.340+58C>G
3-10142247-C-A,intron_variant,,ENST00000256474.3:c.340+60C>A,,,,NaN,332,NaN,789350,,332,1,0,734766,,,,1.36098E-06,c.340+60C>A
3-10142247-C-T,intron_variant,,ENST00000256474.3:c.340+60C>T,,,,NaN,332,NaN,789350,,332,1,0,734766,,,,1.36098E-06,c.340+60C>T
3-10142249-A-G,intron_variant,rs1011912727,ENST00000256474.3:c.340+62A>G,,,,NaN,332,NaN,789350,,332,33,0,734658,,,,4.49189E-05,c.340+62A>G
3-10142254-C-T,intron_variant,,ENST00000256474.3:c.340+67C>T,,,,NaN,332,NaN,789350,,332,2,0,734018,,,,2.72473E-06,c.340+67C>T
3-10142255-C-G,intron_variant,rs1038715663,ENST00000256474.3:c.340+68C>G,,,,NaN,332,NaN,789350,,332,16,0,733950,,,,2.17999E-05,c.340+68C>G
3-10142255-C-T,intron_variant,,ENST00000256474.3:c.340+68C>T,,,,NaN,332,NaN,789350,,332,1,0,733950,,,,1.36249E-06,c.340+68C>T
3-10142256-C-G,intron_variant,,ENST00000256474.3:c.340+69C>G,,,,NaN,332,NaN,789350,,332,1,0,733624,,,,1.3631E-06,c.340+69C>G
3-10142256-C-T,intron_variant,,ENST00000256474.3:c.340+69C>T,,,,NaN,332,NaN,789350,,332,1,0,733624,,,,1.3631E-06,c.340+69C>T
3-10142257-G-A,intron_variant,,ENST00000256474.3:c.340+70G>A,,,,NaN,332,NaN,789350,,332,1,0,733624,,,,1.3631E-06,c.340+70G>A
3-10142260-G-A,intron_variant,,ENST00000256474.3:c.340+73G>A,,,,NaN,332,NaN,789350,,332,1,0,732772,,,,1.36468E-06,c.340+73G>A
3-10142262-C-A,intron_variant,,ENST00000256474.3:c.340+75C>A,,,,NaN,332,NaN,789350,,332,2,0,731012,,,,2.73593E-06,c.340+75C>A
3-10146440-C-A,intron_variant,rs917752627,ENST00000256474.3:c.341-74C>A,,,,NaN,332,NaN,789350,,332,41,0,733470,,,,5.58987E-05,c.341-74C>A
3-10146442-G-A,intron_variant,,ENST00000256474.3:c.341-72G>A,,,,NaN,332,NaN,789350,,332,1,0,734692,,,,1.36111E-06,c.341-72G>A
3-10146450-A-T,intron_variant,,ENST00000256474.3:c.341-64A>T,,,,NaN,332,NaN,789350,,332,2,0,735400,,,,2.71961E-06,c.341-64A>T
3-10146452-G-A,intron_variant,,ENST00000256474.3:c.341-62G>A,,,,NaN,332,NaN,789350,,332,6,0,735780,,,,8.15461E-06,c.341-62G>A
3-10146454-G-T,intron_variant,,ENST00000256474.3:c.341-60G>T,,,,NaN,332,NaN,789350,,332,1,0,735702,,,,1.35925E-06,c.341-60G>T
3-10146458-G-A,intron_variant,,ENST00000256474.3:c.341-56G>A,,,,NaN,332,NaN,789350,,332,5,0,735814,,,,6.7952E-06,c.341-56G>A
3-10146458-G-T,intron_variant,rs1277620415,ENST00000256474.3:c.341-56G>T,,,,NaN,332,NaN,789350,,332,54,0,735814,,,,7.33881E-05,c.341-56G>T
3-10146459-C-T,intron_variant,,ENST00000256474.3:c.341-55C>T,,,,NaN,332,NaN,789350,,332,2,0,735852,,,,2.71794E-06,c.341-55C>T
3-10146462-C-T,intron_variant,,ENST00000256474.3:c.341-52C>T,,,,NaN,332,NaN,789350,,332,3,0,735892,,,,4.07669E-06,c.341-52C>T
3-10146463-C-G,intron_variant,,ENST00000256474.3:c.341-51C>G,,,,NaN,332,NaN,789350,,332,2,0,735882,,,,2.71783E-06,c.341-51C>G
3-10146463-C-T,intron_variant,rs772489344,ENST00000256474.3:c.341-51C>T,,,,NaN,332,NaN,789350,,332,16,0,735882,,,,2.17426E-05,c.341-51C>T
3-10146464-G-A,intron_variant,,ENST00000256474.3:c.341-50G>A,,,,NaN,332,NaN,789350,,332,12,0,735838,,,,1.63079E-05,c.341-50G>A
3-10146476-C-T,intron_variant,,ENST00000256474.3:c.341-38C>T,,,,NaN,332,NaN,789350,,332,30,0,735842,,,,4.07696E-05,c.341-38C>T
3-10146477-G-A,intron_variant,rs115744107,ENST00000256474.3:c.341-37G>A,,,,NaN,332,NaN,789350,,332,201,0,735850,,,,0.000273153,c.341-37G>A
3-10146478-G-T,intron_variant,rs1039093140,ENST00000256474.3:c.341-36G>T,,,,NaN,332,NaN,789350,,332,2,0,735862,,,,2.7179E-06,c.341-36G>T
3-10146479-T-A,intron_variant,,ENST00000256474.3:c.341-35T>A,,,,NaN,332,NaN,789350,,332,2,0,735856,,,,2.71792E-06,c.341-35T>A
3-10146484-C-A,intron_variant,rs1344774130,ENST00000256474.3:c.341-30C>A,,,,NaN,332,NaN,789350,,332,15,0,735920,,,,2.03827E-05,c.341-30C>A
3-10146484-CTCTT-C,intron_variant,,ENST00000256474.3:c.341-28_341-25del,,,,NaN,332,NaN,789350,,332,2,0,735920,,,,2.71769E-06,c.341-28_341-25
3-10146487-T-C,intron_variant,,ENST00000256474.3:c.341-27T>C,,,,NaN,332,NaN,789350,,332,1,0,735916,,,,1.35885E-06,c.341-27T>C
3-10146488-T-TTAACAACCTTTGCTTGTCCCGATAGGTCACCTTTGGCTCTTCAGAGATGCAGGGA,intron_variant,rs1553619923,ENST00000256474.3:c.341-25_370dup,,,,NaN,332,NaN,789350,,332,2,0,735920,,,,2.71769E-06,c.341-25_370dup
3-10146489-T-C,intron_variant,,ENST00000256474.3:c.341-25T>C,,,,NaN,332,NaN,789350,,332,1,0,735926,,,,1.35883E-06,c.341-25T>C
3-10146492-C-T,intron_variant,rs762113539,ENST00000256474.3:c.341-22C>T,,,,NaN,332,NaN,789350,,332,14,0,735926,,,,1.90237E-05,c.341-22C>T
3-10146494-A-G,intron_variant,rs1302400554,ENST00000256474.3:c.341-20A>G,,,,NaN,332,NaN,789350,,332,2,0,735926,,,,2.71766E-06,c.341-20A>G
3-10146496-C-T,intron_variant,,ENST00000256474.3:c.341-18C>T,,,,NaN,332,NaN,789350,,332,2,0,735926,,,,2.71766E-06,c.341-18C>T
3-10146504-G-A,intron_variant,,ENST00000256474.3:c.341-10G>A,,,,NaN,332,NaN,789350,,332,1,0,735926,,,,1.35883E-06,c.341-10G>A
3-10146508-C-T,splice_region_variant,,ENST00000256474.3:c.341-6C>T,,,,NaN,332,NaN,789350,,332,1,0,735926,,,,1.35883E-06,c.341-6C>T
3-10146509-G-A,splice_region_variant,,ENST00000256474.3:c.341-5G>A,,,,NaN,332,NaN,789350,,332,24,0,735926,,,,3.2612E-05,c.341-5G>A
3-10146538-C-T,missense_variant,,ENST00000256474.3:c.365C>T,ENSP00000256474.3:p.Ala122Val,,,NaN,332,NaN,789350,,332,1,0,735926,,,,1.35883E-06,c.365C>T
3-10146640-C-T,splice_region_variant,rs879253989,ENST00000256474.3:c.463+4C>T,,,,NaN,332,NaN,789350,,332,4,0,735924,,,,5.43534E-06,c.463+4C>T
3-10146644-C-T,splice_region_variant,rs5030834,ENST00000256474.3:c.463+8C>T,,,,NaN,332,NaN,789350,,332,931,0,735916,,,,0.00126509,c.463+8C>T
3-10146645-GTTTTACTTTTT-G,intron_variant,,ENST00000256474.3:c.463+10_463+20del,,,,NaN,332,NaN,789350,,332,1,0,735926,,,,1.35883E-06,c.463+10_463+20
3-10146648-T-C,intron_variant,rs1382435156,ENST00000256474.3:c.463+12T>C,,,,NaN,332,NaN,789350,,332,4,0,735924,,,,5.43534E-06,c.463+12T>C
3-10146656-T-TA,intron_variant,,ENST00000256474.3:c.463+25dup,,,,NaN,332,NaN,789350,,332,2,0,735920,,,,2.71769E-06,c.463+25dup
3-10146656-TA-T,intron_variant,,ENST00000256474.3:c.463+25del,,,,NaN,332,NaN,789350,,332,2,0,735920,,,,2.71769E-06,c.463+25del
3-10146657-A-G,intron_variant,,ENST00000256474.3:c.463+21A>G,,,,NaN,332,NaN,789350,,332,3,0,735920,,,,4.07653E-06,c.463+21A>G
3-10146664-T-G,intron_variant,rs1273709773,ENST00000256474.3:c.463+28T>G,,,,NaN,332,NaN,789350,,332,1,0,735924,,,,1.35884E-06,c.463+28T>G
3-10146670-T-G,intron_variant,rs750211277,ENST00000256474.3:c.463+34T>G,,,,NaN,332,NaN,789350,,332,3,0,735922,,,,4.07652E-06,c.463+34T>G
3-10146672-T-C,intron_variant,,ENST00000256474.3:c.463+36T>C,,,,NaN,332,NaN,789350,,332,1,0,735912,,,,1.35886E-06,c.463+36T>C
3-10146673-T-C,intron_variant,rs1349160967,ENST00000256474.3:c.463+37T>C,,,,NaN,332,NaN,789350,,332,1,0,735908,,,,1.35887E-06,c.463+37T>C
3-10146674-G-C,intron_variant,rs200928782,ENST00000256474.3:c.463+38G>C,,,,NaN,332,NaN,789350,,332,5,0,735906,,,,6.79435E-06,c.463+38G>C
3-10146679-A-G,intron_variant,rs34661876,ENST00000256474.3:c.463+43A>G,,,,NaN,332,NaN,789350,,332,19470,266,735802,,,,0.026460923,c.463+43A>G
3-10146680-AG-A,intron_variant,,ENST00000256474.3:c.463+45del,,,,NaN,332,NaN,789350,,332,1,0,735840,,,,1.35899E-06,c.463+45del
3-10146689-T-C,intron_variant,,ENST00000256474.3:c.463+53T>C,,,,NaN,332,NaN,789350,,332,4,0,735644,,,,5.43741E-06,c.463+53T>C
3-10146697-T-G,intron_variant,rs1160735357,ENST00000256474.3:c.463+61T>G,,,,NaN,332,NaN,789350,,332,8,0,735030,,,,1.08839E-05,c.463+61T>G
3-10146702-A-C,intron_variant,,ENST00000256474.3:c.463+66A>C,,,,NaN,332,NaN,789350,,332,1,0,734282,,,,1.36187E-06,c.463+66A>C
3-10149718-A-C,intron_variant,rs1204344078,ENST00000256474.3:c.464-69A>C,,,,NaN,332,NaN,789350,,332,9,0,551644,,,,1.63149E-05,c.464-69A>C
3-10149718-A-G,intron_variant,,ENST00000256474.3:c.464-69A>G,,,,NaN,332,NaN,789350,,332,3,0,551644,,,,5.43829E-06,c.464-69A>G
3-10149721-C-A,intron_variant,,ENST00000256474.3:c.464-66C>A,,,,NaN,332,NaN,789350,,332,1,0,566078,,,,1.76654E-06,c.464-66C>A
3-10149722-C-G,intron_variant,,ENST00000256474.3:c.464-65C>G,,,,NaN,332,NaN,789350,,332,34,0,584874,,,,5.81322E-05,c.464-65C>G
3-10149724-C-T,intron_variant,rs961458931,ENST00000256474.3:c.464-63C>T,,,,NaN,332,NaN,789350,,332,4,0,602922,,,,6.63436E-06,c.464-63C>T
3-10149726-T-TGTTC,intron_variant,,ENST00000256474.3:c.464-56_464-53dup,,,,NaN,332,NaN,789350,,332,1,0,609102,,,,1.64176E-06,c.464-56_464-53
3-10149727-G-A,intron_variant,,ENST00000256474.3:c.464-60G>A,,,,NaN,332,NaN,789350,,332,1,0,618896,,,,1.61578E-06,c.464-60G>A
3-10149730-C-A,intron_variant,,ENST00000256474.3:c.464-57C>A,,,,NaN,332,NaN,789350,,332,1,0,625894,,,,1.59771E-06,c.464-57C>A
3-10149730-C-G,intron_variant,rs1330819277,ENST00000256474.3:c.464-57C>G,,,,NaN,332,NaN,789350,,332,1,0,625894,,,,1.59771E-06,c.464-57C>G
3-10149730-C-T,intron_variant,,ENST00000256474.3:c.464-57C>T,,,,NaN,332,NaN,789350,,332,5,0,625894,,,,7.98857E-06,c.464-57C>T
3-10149731-G-A,intron_variant,rs932290142,ENST00000256474.3:c.464-56G>A,,,,NaN,332,NaN,789350,,332,13,0,639560,,,,2.03265E-05,c.464-56G>A
3-10149734-C-T,intron_variant,rs1183634851,ENST00000256474.3:c.464-53C>T,,,,NaN,332,NaN,789350,,332,3,0,648994,,,,4.62254E-06,c.464-53C>T
3-10149741-C-A,intron_variant,,ENST00000256474.3:c.464-46C>A,,,,NaN,332,NaN,789350,,332,1,0,679978,,,,1.47064E-06,c.464-46C>A
3-10149749-C-T,intron_variant,,ENST00000256474.3:c.464-38C>T,,,,NaN,332,NaN,789350,,332,2,0,702060,,,,2.84876E-06,c.464-38C>T
3-10149752-G-C,intron_variant,rs756593539,ENST00000256474.3:c.464-35G>C,,,,NaN,332,NaN,789350,,332,1,0,708896,,,,1.41064E-06,c.464-35G>C
3-10149759-A-G,intron_variant,,ENST00000256474.3:c.464-28A>G,,,,NaN,332,NaN,789350,,332,1,0,723704,,,,1.38178E-06,c.464-28A>G
3-10149769-TG-T,intron_variant,,ENST00000256474.3:c.464-16del,,,,NaN,332,NaN,789350,,332,1,0,734622,,,,1.36124E-06,c.464-16del
3-10149777-G-A,intron_variant,rs552930903,ENST00000256474.3:c.464-10G>A,,,,NaN,332,NaN,789350,,332,133,0,735812,,,,0.000180753,c.464-10G>A
3-10149779-C-A,splice_region_variant,,ENST00000256474.3:c.464-8C>A,,,,NaN,332,NaN,789350,,332,1,0,735726,,,,1.3592E-06,c.464-8C>A
3-10149780-C-A,splice_region_variant,,ENST00000256474.3:c.464-7C>A,,,,NaN,332,NaN,789350,,332,1,0,735892,,,,1.3589E-06,c.464-7C>A
3-10149780-C-T,splice_region_variant,rs1279650154,ENST00000256474.3:c.464-7C>T,,,,NaN,332,NaN,789350,,332,1,0,735892,,,,1.3589E-06,c.464-7C>T
3-10149784-C-T,splice_region_variant,rs904414377,ENST00000256474.3:c.464-3C>T,,,,NaN,332,NaN,789350,,332,1,0,735888,,,,1.3589E-06,c.464-3C>T
3-10149839-T-G,synonymous_variant,rs1575932227,ENST00000256474.3:c.516T>G,ENSP00000256474.3:p.Pro172=,,,NaN,332,NaN,789350,,332,12,0,735266,,,,1.63206E-05,c.516T>G
3-10149972-C-A,3_prime_UTR_variant,,ENST00000256474.3:c.*7C>A,,,,NaN,332,NaN,789350,,332,20,0,735926,,,,2.71766E-05,c.*7C>A
3-10149981-C-T,3_prime_UTR_variant,,ENST00000256474.3:c.*16C>T,,,,NaN,332,NaN,789350,,332,2,0,735926,,,,2.71766E-06,c.*16C>T
3-10149983-T-TA,3_prime_UTR_variant,rs770268755,ENST00000256474.3:c.*19dup,,,,NaN,332,NaN,789350,,332,1,0,735924,,,,1.35884E-06,c.*19dup
3-10149985-C-A,3_prime_UTR_variant,,ENST00000256474.3:c.*20C>A,,,,NaN,332,NaN,789350,,332,1,0,735924,,,,1.35884E-06,c.*20C>A
3-10149987-C-G,3_prime_UTR_variant,,ENST00000256474.3:c.*22C>G,,,,NaN,332,NaN,789350,,332,5,0,735922,,,,6.7942E-06,c.*22C>G
3-10149994-A-G,3_prime_UTR_variant,,ENST00000256474.3:c.*29A>G,,,,NaN,332,NaN,789350,,332,1,0,735926,,,,1.35883E-06,c.*29A>G
3-10150001-C-G,3_prime_UTR_variant,,ENST00000256474.3:c.*36C>G,,,,NaN,332,NaN,789350,,332,2,0,735926,,,,2.71766E-06,c.*36C>G
3-10150002-T-C,3_prime_UTR_variant,rs780557277,ENST00000256474.3:c.*37T>C,,,,NaN,332,NaN,789350,,332,4,0,735924,,,,5.43534E-06,c.*37T>C
3-10150007-A-T,3_prime_UTR_variant,,ENST00000256474.3:c.*42A>T,,,,NaN,332,NaN,789350,,332,1,0,735926,,,,1.35883E-06,c.*42A>T
3-10150009-G-C,3_prime_UTR_variant,,ENST00000256474.3:c.*44G>C,,,,NaN,332,NaN,789350,,332,1,0,735924,,,,1.35884E-06,c.*44G>C
3-10150013-C-G,3_prime_UTR_variant,rs1187934647,ENST00000256474.3:c.*48C>G,,,,NaN,332,NaN,789350,,332,21,0,735924,,,,2.85356E-05,c.*48C>G
3-10150016-A-C,3_prime_UTR_variant,,ENST00000256474.3:c.*51A>C,,,,NaN,332,NaN,789350,,332,1,0,735926,,,,1.35883E-06,c.*51A>C
3-10150024-T-G,3_prime_UTR_variant,,ENST00000256474.3:c.*59T>G,,,,NaN,332,NaN,789350,,332,1,0,735848,,,,1.35898E-06,c.*59T>G
3-10150028-C-G,3_prime_UTR_variant,,ENST00000256474.3:c.*63C>G,,,,NaN,332,NaN,789350,,332,8,0,735912,,,,1.08709E-05,c.*63C>G
3-10150034-A-G,3_prime_UTR_variant,,ENST00000256474.3:c.*69A>G,,,,NaN,332,NaN,789350,,332,1,0,735908,,,,1.35887E-06,c.*69A>G
3-10150037-G-A,3_prime_UTR_variant,,ENST00000256474.3:c.*72G>A,,,,NaN,332,NaN,789350,,332,1,0,735912,,,,1.35886E-06,c.*72G>A