Chromosome,Position,rsIDs,Reference,Alternate,hg38_pos_alt,Source,Filters - exomes,Filters - genomes,Transcript,HGVS Consequence,Protein Consequence,Transcript_Consequence,VEP Annotation,ClinVar Clinical Significance,ClinVar Variation ID,Flags,Allele_Count,Allele_Number,Allele_Frequency,Homozygote Count,Hemizygote Count,Allele Count Other,Allele Number Other,Homozygote Count Other,Hemizygote Count Other,Allele Count Latino/Admixed American,Allele Number Latino/Admixed American,Homozygote Count Latino/Admixed American,Hemizygote Count Latino/Admixed American,Allele Count European (Finnish),Allele Number European (Finnish),Homozygote Count European (Finnish),Hemizygote Count European (Finnish),Allele Count Amish,Allele Number Amish,Homozygote Count Amish,Hemizygote Count Amish,Allele Count East Asian,Allele Number East Asian,Homozygote Count East Asian,Hemizygote Count East Asian,Allele Count Middle Eastern,Allele Number Middle Eastern,Homozygote Count Middle Eastern,Hemizygote Count Middle Eastern,Allele Count African/African American,Allele Number African/African American,Homozygote Count African/African American,Hemizygote Count African/African American,Allele Count South Asian,Allele Number South Asian,Homozygote Count South Asian,Hemizygote Count South Asian,Allele Count Ashkenazi Jewish,Allele Number Ashkenazi Jewish,Homozygote Count Ashkenazi Jewish,Hemizygote Count Ashkenazi Jewish,Allele Count European (non-Finnish),Allele Number European (non-Finnish),Homozygote Count European (non-Finnish),Hemizygote Count European (non-Finnish)
3,10141782,,CTCCGCCCCGCG,C,10141782-CTCCGCCCCGCG-C,gnomAD Genomes,NA,PASS,ENST00000256474.3,c.-61_-51del,,c.-61_-51del,5_prime_UTR_variant,,,,1,80792,1.23775E-05,0,0,0,1520,0,0,0,12916,0,0,0,10536,0,0,0,112,0,0,0,3748,0,0,0,272,0,0,0,24840,0,0,1,4808,0,0,0,998,0,0,0,21042,0,0
3,10141782,rs1349204335,C,G,10141782G,gnomAD Genomes,NA,PASS,ENST00000256474.3,c.-66C>G,,c.-66C>G,5_prime_UTR_variant,,,,1,80792,1.23775E-05,0,0,0,1520,0,0,0,12916,0,0,0,10536,0,0,0,112,0,0,0,3748,0,0,0,272,0,0,0,24840,0,0,0,4808,0,0,0,998,0,0,1,21042,0,0
3,10141782,rs727503743,C,CTCCGCCCCGCG,10141782CTCCGCCCCGCG,gnomAD Genomes,NA,PASS,ENST00000256474.3,c.-61_-51dup,,c.-61_-51dup,5_prime_UTR_variant,Conflicting interpretations of pathogenicity,517152,,25,80792,0.000309437,0,0,1,1520,0,0,2,12916,0,0,0,10536,0,0,0,112,0,0,0,3748,0,0,1,272,0,0,1,24840,0,0,16,4808,0,0,0,998,0,0,4,21042,0,0
3,10141784,rs772944298,C,T,10141784T,gnomAD Genomes,NA,PASS,ENST00000256474.3,c.-64C>T,,c.-64C>T,5_prime_UTR_variant,Conflicting interpretations of pathogenicity,342400,,10,80774,0.000123802,0,0,0,1520,0,0,0,12912,0,0,0,10534,0,0,0,112,0,0,0,3744,0,0,0,272,0,0,2,24836,0,0,0,4806,0,0,0,998,0,0,8,21040,0,0
3,10141787,,C,CCCCGCGTCCGA,10141787CCCCGCGTCCGA,gnomAD Genomes,NA,PASS,ENST00000256474.3,c.-54_-44dup,,c.-54_-44dup,5_prime_UTR_variant,,,,1,80798,1.23765E-05,0,0,0,1520,0,0,1,12914,0,0,0,10538,0,0,0,112,0,0,0,3750,0,0,0,272,0,0,0,24842,0,0,0,4806,0,0,0,998,0,0,0,21046,0,0
3,10141790,rs1298211819,C,CGCGTCCGACCCGCGGATCCCGCG,10141790CGCGTCCGACCCGCGGATCCCGCG,gnomAD Genomes,NA,PASS,ENST00000256474.3,c.-50_-28dup,,c.-50_-28dup,5_prime_UTR_variant,,,,1,80802,1.23759E-05,0,0,0,1518,0,0,0,12914,0,0,0,10536,0,0,0,112,0,0,0,3756,0,0,0,272,0,0,1,24844,0,0,0,4808,0,0,0,996,0,0,0,21046,0,0
3,10141792,rs1361905543,CG,C,10141792-CG-C,gnomAD Genomes,NA,PASS,ENST00000256474.3,c.-55del,,c.-55del,5_prime_UTR_variant,Uncertain significance,560735,,8,80780,9.90344E-05,1,0,0,1520,0,0,0,12914,0,0,0,10532,0,0,0,112,0,0,0,3754,0,0,0,272,0,0,8,24840,1,0,0,4808,0,0,0,998,0,0,0,21030,0,0
3,10141797,rs916012789,G,A,10141797A,gnomAD Genomes,NA,PASS,ENST00000256474.3,c.-51G>A,,c.-51G>A,5_prime_UTR_variant,,,,1,80772,1.23805E-05,0,0,0,1520,0,0,0,12908,0,0,0,10530,0,0,0,112,0,0,0,3748,0,0,0,272,0,0,0,24840,0,0,0,4808,0,0,0,998,0,0,1,21036,0,0
3,10141798,rs942087597,A,C,10141798C,gnomAD Genomes,NA,PASS,ENST00000256474.3,c.-50A>C,,c.-50A>C,5_prime_UTR_variant,,,,1,80688,1.23934E-05,0,0,0,1518,0,0,0,12910,0,0,1,10518,0,0,0,112,0,0,0,3736,0,0,0,272,0,0,0,24832,0,0,0,4786,0,0,0,994,0,0,0,21010,0,0
3,10141799,,C,G,10141799G,gnomAD Genomes,NA,PASS,ENST00000256474.3,c.-49C>G,,c.-49C>G,5_prime_UTR_variant,,,,1,80792,1.23775E-05,0,0,0,1520,0,0,0,12914,0,0,0,10532,0,0,0,112,0,0,0,3754,0,0,0,272,0,0,0,24840,0,0,1,4810,0,0,0,998,0,0,0,21040,0,0
3,10141800,rs973379327,C,T,10141800T,gnomAD Genomes,NA,PASS,ENST00000256474.3,c.-48C>T,,c.-48C>T,5_prime_UTR_variant,,,,1,80784,1.23787E-05,0,0,0,1520,0,0,1,12912,0,0,0,10532,0,0,0,112,0,0,0,3750,0,0,0,272,0,0,0,24840,0,0,0,4806,0,0,0,998,0,0,0,21042,0,0
3,10141801,rs745439844,C,T,10141801T,gnomAD Genomes,NA,PASS,ENST00000256474.3,c.-47C>T,,c.-47C>T,5_prime_UTR_variant,Likely benign,511159,,4,80792,4.95099E-05,0,0,1,1520,0,0,0,12910,0,0,0,10532,0,0,0,112,0,0,0,3752,0,0,0,272,0,0,3,24838,0,0,0,4810,0,0,0,998,0,0,0,21048,0,0
3,10141810,rs933174704,C,T,10141810T,gnomAD Genomes,NA,PASS,ENST00000256474.3,c.-38C>T,,c.-38C>T,5_prime_UTR_variant,Likely benign,380659,,4,80794,4.95086E-05,0,0,0,1520,0,0,4,12914,0,0,0,10530,0,0,0,112,0,0,0,3752,0,0,0,272,0,0,0,24844,0,0,0,4804,0,0,0,998,0,0,0,21048,0,0
3,10141813,rs587780992,G,A,10141813A,gnomAD Genomes,NA,PASS,ENST00000256474.3,c.-35G>A,,c.-35G>A,5_prime_UTR_variant,Conflicting interpretations of pathogenicity,137904,,1,80814,1.23741E-05,0,0,0,1520,0,0,0,12914,0,0,0,10536,0,0,0,112,0,0,0,3754,0,0,0,272,0,0,0,24842,0,0,0,4810,0,0,0,998,0,0,1,21056,0,0
3,10141819,rs558788270,C,A,10141819A,gnomAD Genomes,NA,PASS,ENST00000256474.3,c.-29C>A,,c.-29C>A,5_prime_UTR_variant,Likely benign,389597,,2,80800,2.47525E-05,0,0,0,1520,0,0,0,12914,0,0,0,10536,0,0,0,112,0,0,0,3752,0,0,0,272,0,0,2,24836,0,0,0,4808,0,0,0,998,0,0,0,21052,0,0
3,10141821,rs771880989,G,A,10141821A,gnomAD Genomes,NA,PASS,ENST00000256474.3,c.-27G>A,,c.-27G>A,5_prime_UTR_variant,,,,3,80804,3.71269E-05,0,0,0,1516,0,0,0,12914,0,0,0,10536,0,0,0,112,0,0,0,3752,0,0,0,272,0,0,1,24846,0,0,0,4810,0,0,0,998,0,0,2,21048,0,0
3,10141822,rs775446934,C,G,10141822G,gnomAD Genomes,NA,PASS,ENST00000256474.3,c.-26C>G,,c.-26C>G,5_prime_UTR_variant,Benign,378851,,2,80800,2.47525E-05,0,0,0,1520,0,0,0,12910,0,0,0,10534,0,0,0,112,0,0,0,3754,0,0,0,272,0,0,0,24840,0,0,0,4810,0,0,2,998,0,0,0,21050,0,0
3,10141823,rs1340337531,C,A,10141823A,gnomAD Genomes,NA,PASS,ENST00000256474.3,c.-25C>A,,c.-25C>A,5_prime_UTR_variant,Likely benign,508543,,1,80806,1.23753E-05,0,0,0,1520,0,0,0,12916,0,0,0,10534,0,0,0,112,0,0,0,3748,0,0,0,272,0,0,1,24848,0,0,0,4808,0,0,0,996,0,0,0,21052,0,0
3,10141825,rs760414295,G,C,10141825C,gnomAD Genomes,NA,PASS,ENST00000256474.3,c.-23G>C,,c.-23G>C,5_prime_UTR_variant,Likely benign,560734,,1,80804,1.23756E-05,0,0,0,1518,0,0,0,12914,0,0,0,10532,0,0,0,112,0,0,0,3750,0,0,0,272,0,0,0,24844,0,0,1,4810,0,0,0,998,0,0,0,21054,0,0
3,10141825,rs760414295,G,T,10141825T,gnomAD Genomes,NA,PASS,ENST00000256474.3,c.-23G>T,,c.-23G>T,5_prime_UTR_variant,,,,1,80804,1.23756E-05,0,0,0,1518,0,0,0,12914,0,0,0,10532,0,0,0,112,0,0,1,3750,0,0,0,272,0,0,0,24844,0,0,0,4810,0,0,0,998,0,0,0,21054,0,0
3,10141832,rs893572737,C,G,10141832G,gnomAD Genomes,NA,PASS,ENST00000256474.3,c.-16C>G,,c.-16C>G,5_prime_UTR_variant,,,,1,80794,1.23772E-05,0,0,0,1520,0,0,1,12910,0,0,0,10528,0,0,0,112,0,0,0,3756,0,0,0,272,0,0,0,24842,0,0,0,4808,0,0,0,998,0,0,0,21048,0,0
3,10141835,rs1057522448,G,T,10141835T,gnomAD Genomes,NA,PASS,ENST00000256474.3,c.-13G>T,,c.-13G>T,5_prime_UTR_variant,Likely benign,386209,,1,80808,1.2375E-05,0,0,0,1520,0,0,0,12918,0,0,0,10528,0,0,0,112,0,0,0,3754,0,0,0,272,0,0,1,24848,0,0,0,4808,0,0,0,996,0,0,0,21052,0,0
3,10141835,rs1057522448,G,C,10141835C,gnomAD Genomes,NA,PASS,ENST00000256474.3,c.-13G>C,,c.-13G>C,5_prime_UTR_variant,,,,1,80808,1.2375E-05,0,0,0,1520,0,0,0,12918,0,0,0,10528,0,0,0,112,0,0,1,3754,0,0,0,272,0,0,0,24848,0,0,0,4808,0,0,0,996,0,0,0,21052,0,0
3,10141835,rs886041253,G,GATCGCGGAGGGAAT,10141835GATCGCGGAGGGAAT,gnomAD Genomes,NA,PASS,ENST00000256474.3,c.-12_2dup,,c.-12_2dup,5_prime_UTR_variant,Likely benign,279916,,1,80808,1.2375E-05,0,0,0,1520,0,0,1,12918,0,0,0,10528,0,0,0,112,0,0,0,3754,0,0,0,272,0,0,0,24848,0,0,0,4808,0,0,0,996,0,0,0,21052,0,0
3,10141836,rs762831698,A,G,10141836G,gnomAD Genomes,NA,PASS,ENST00000256474.3,c.-12A>G,,c.-12A>G,5_prime_UTR_variant,,,,1,80758,1.23827E-05,0,0,0,1518,0,0,0,12912,0,0,0,10528,0,0,0,112,0,0,0,3748,0,0,0,272,0,0,1,24822,0,0,0,4808,0,0,0,994,0,0,0,21044,0,0
3,10141837,rs761938397,T,C,10141837C,gnomAD Genomes,NA,PASS,ENST00000256474.3,c.-11T>C,,c.-11T>C,5_prime_UTR_variant,,,,2,80742,2.47703E-05,0,0,0,1520,0,0,1,12910,0,0,0,10518,0,0,0,112,0,0,0,3744,0,0,0,272,0,0,0,24828,0,0,1,4806,0,0,0,996,0,0,0,21036,0,0
3,10141843,rs35793832,A,C,10141843C,gnomAD Genomes,NA,PASS,ENST00000256474.3,c.-5A>C,,c.-5A>C,5_prime_UTR_variant,Likely benign,182989,,96,80724,0.001189237,0,0,0,1518,0,0,2,12906,0,0,0,10528,0,0,0,112,0,0,0,3740,0,0,0,270,0,0,94,24812,0,0,0,4810,0,0,0,992,0,0,0,21036,0,0
3,10141845,rs902212096,G,A,10141845A,gnomAD Genomes,NA,PASS,ENST00000256474.3,c.-3G>A,,c.-3G>A,5_prime_UTR_variant,Uncertain significance,824483,,1,80794,1.23772E-05,0,0,0,1520,0,0,0,12912,0,0,0,10530,0,0,0,112,0,0,0,3750,0,0,0,270,0,0,1,24840,0,0,0,4810,0,0,0,998,0,0,0,21052,0,0
3,10141850,rs578091032,G,T,10141850T,gnomAD Genomes,NA,PASS,ENST00000256474.3,p.Met1?,p.Met1?,c.3G>T,start_lost,Uncertain significance,238106,,4,80792,4.95099E-05,0,0,0,1518,0,0,1,12910,0,0,1,10534,0,0,0,112,0,0,0,3748,0,0,0,272,0,0,0,24846,0,0,0,4806,0,0,0,996,0,0,2,21050,0,0
3,10141850,rs578091032,G,A,10141850A,gnomAD Genomes,NA,PASS,ENST00000256474.3,p.Met1?,p.Met1?,c.3G>A,start_lost,Uncertain significance,135406,,11,80792,0.000136152,0,0,0,1518,0,0,0,12910,0,0,0,10534,0,0,0,112,0,0,0,3748,0,0,0,272,0,0,10,24846,0,0,1,4806,0,0,0,996,0,0,0,21050,0,0
3,10141852,rs111246617,C,T,10141852T,gnomAD Genomes,NA,PASS,ENST00000256474.3,p.Pro2Leu,p.Pro2Leu,c.5C>T,missense_variant,Conflicting interpretations of pathogenicity,182981,,3,80774,3.71407E-05,0,0,0,1520,0,0,0,12906,0,0,0,10530,0,0,0,112,0,0,0,3748,0,0,0,272,0,0,0,24840,0,0,0,4808,0,0,0,998,0,0,3,21040,0,0
3,10141854,rs878854130,C,T,10141854T,gnomAD Genomes,NA,PASS,ENST00000256474.3,p.Arg3Trp,p.Arg3Trp,c.7C>T,missense_variant,Uncertain significance,238114,,1,80756,1.2383E-05,0,0,0,1520,0,0,0,12906,0,0,1,10524,0,0,0,112,0,0,0,3752,0,0,0,272,0,0,0,24834,0,0,0,4806,0,0,0,998,0,0,0,21032,0,0
3,10141855,rs1178481595,G,C,10141855C,gnomAD Genomes,NA,PASS,ENST00000256474.3,p.Arg3Pro,p.Arg3Pro,c.8G>C,missense_variant,Uncertain significance,575760,,2,80790,2.47555E-05,0,0,0,1520,0,0,0,12916,0,0,0,10530,0,0,0,112,0,0,0,3752,0,0,0,272,0,0,2,24838,0,0,0,4810,0,0,0,996,0,0,0,21044,0,0
3,10141855,rs1455562175,G,GGAGGGCGGAGAACTGGGAC,10141855GGAGGGCGGAGAACTGGGAC,gnomAD Genomes,NA,PASS,ENST00000256474.3,p.Ala11GlyfsTer22,p.Ala11GlyfsTer22,c.13_31dup,frameshift_variant,Uncertain significance,1313664,,2,80790,2.47555E-05,0,0,0,1520,0,0,0,12916,0,0,2,10530,0,0,0,112,0,0,0,3752,0,0,0,272,0,0,0,24838,0,0,0,4810,0,0,0,996,0,0,0,21044,0,0
3,10141857,rs886057702,A,T,10141857T,gnomAD Genomes,NA,PASS,ENST00000256474.3,p.Arg4Trp,p.Arg4Trp,c.10A>T,missense_variant,Uncertain significance,342402,,1,80708,1.23903E-05,0,0,0,1514,0,0,0,12904,0,0,1,10524,0,0,0,112,0,0,0,3738,0,0,0,272,0,0,0,24814,0,0,0,4800,0,0,0,994,0,0,0,21036,0,0
3,10141861,rs755333116,C,T,10141861T,gnomAD Genomes,NA,PASS,ENST00000256474.3,p.Ala5Val,p.Ala5Val,c.14C>T,missense_variant,Uncertain significance,216476,,2,80762,2.47641E-05,0,0,0,1520,0,0,0,12904,0,0,0,10534,0,0,0,110,0,0,0,3750,0,0,0,272,0,0,2,24832,0,0,0,4804,0,0,0,996,0,0,0,21040,0,0
3,10141865,rs1004620245,G,T,10141865T,gnomAD Genomes,NA,PASS,ENST00000256474.3,p.Glu6Asp,p.Glu6Asp,c.18G>T,missense_variant,Uncertain significance,411986,,1,80798,1.23765E-05,0,0,0,1520,0,0,0,12916,0,0,0,10534,0,0,0,112,0,0,0,3752,0,0,0,272,0,0,1,24842,0,0,0,4808,0,0,0,994,0,0,0,21048,0,0
3,10141866,rs1311403806,A,G,10141866G,gnomAD Genomes,NA,PASS,ENST00000256474.3,p.Asn7Asp,p.Asn7Asp,c.19A>G,missense_variant,,,,1,80714,1.23894E-05,0,0,0,1520,0,0,0,12906,0,0,0,10520,0,0,0,112,0,0,0,3744,0,0,0,272,0,0,0,24818,0,0,0,4808,0,0,0,994,0,0,1,21020,0,0
3,10141872,rs587780730,G,A,10141872A,gnomAD Genomes,NA,PASS,ENST00000256474.3,p.Asp9Asn,p.Asp9Asn,c.25G>A,missense_variant,Uncertain significance,135953,,4,80798,4.95062E-05,0,0,0,1520,0,0,1,12912,0,0,0,10532,0,0,0,112,0,0,0,3752,0,0,0,272,0,0,3,24846,0,0,0,4806,0,0,0,996,0,0,0,21050,0,0
3,10141874,,C,G,10141874G,gnomAD Genomes,NA,PASS,ENST00000256474.3,p.Asp9Glu,p.Asp9Glu,c.27C>G,missense_variant,Uncertain significance,846969,,1,80766,1.23814E-05,0,0,0,1516,0,0,1,12906,0,0,0,10526,0,0,0,112,0,0,0,3752,0,0,0,272,0,0,0,24830,0,0,0,4808,0,0,0,998,0,0,0,21046,0,0
3,10141875,rs1057519261,G,A,10141875A,gnomAD Genomes,NA,PASS,ENST00000256474.3,p.Glu10Lys,p.Glu10Lys,c.28G>A,missense_variant,Uncertain significance,374982,,5,80794,6.18858E-05,0,0,0,1518,0,0,1,12912,0,0,0,10534,0,0,0,112,0,0,0,3752,0,0,0,272,0,0,4,24844,0,0,0,4808,0,0,0,998,0,0,0,21044,0,0
3,10141881,rs1064794788,G,C,10141881C,gnomAD Genomes,NA,PASS,ENST00000256474.3,p.Glu12Gln,p.Glu12Gln,c.34G>C,missense_variant,Uncertain significance,420914,,1,80776,1.23799E-05,0,0,0,1520,0,0,0,12914,0,0,0,10530,0,0,0,112,0,0,0,3750,0,0,0,272,0,0,0,24848,0,0,1,4804,0,0,0,996,0,0,0,21030,0,0
3,10141884,rs919338576,G,A,10141884A,gnomAD Genomes,NA,PASS,ENST00000256474.3,p.Val13Ile,p.Val13Ile,c.37G>A,missense_variant,Uncertain significance,456586,,1,80798,1.23765E-05,0,0,0,1520,0,0,0,12914,0,0,0,10534,0,0,0,112,0,0,0,3750,0,0,0,272,0,0,1,24842,0,0,0,4806,0,0,0,998,0,0,0,21050,0,0
3,10141886,rs996469746,A,G,10141886G,gnomAD Genomes,NA,PASS,ENST00000256474.3,p.Val13Val,p.Val13Val,c.39A>G,synonymous_variant,Likely benign,772558,,3,80738,3.71572E-05,0,0,0,1518,0,0,0,12912,0,0,0,10528,0,0,0,112,0,0,0,3742,0,0,0,272,0,0,3,24830,0,0,0,4806,0,0,0,994,0,0,0,21024,0,0
3,10141892,rs563813895,G,T,10141892T,gnomAD Genomes,NA,PASS,ENST00000256474.3,p.Ala15Ala,p.Ala15Ala,c.45G>T,synonymous_variant,,,,1,80774,1.23802E-05,0,0,0,1516,0,0,0,12912,0,0,0,10528,0,0,0,112,0,0,0,3748,0,0,0,272,0,0,0,24846,0,0,1,4804,0,0,0,998,0,0,0,21038,0,0
3,10141895,rs1057522140,G,A,10141895A,gnomAD Genomes,NA,PASS,ENST00000256474.3,p.Glu16Glu,p.Glu16Glu,c.48G>A,synonymous_variant,Likely benign,385167,,3,80810,3.71241E-05,1,0,0,1520,0,0,3,12918,1,0,0,10532,0,0,0,112,0,0,0,3752,0,0,0,272,0,0,0,24856,0,0,0,4806,0,0,0,998,0,0,0,21044,0,0
3,10141901,rs1305687580,A,C,10141901C,gnomAD Genomes,NA,PASS,ENST00000256474.3,p.Ala18Ala,p.Ala18Ala,c.54A>C,synonymous_variant,Likely benign,486712,,2,80764,2.47635E-05,0,0,0,1518,0,0,0,12908,0,0,0,10536,0,0,0,112,0,0,0,3750,0,0,0,272,0,0,2,24838,0,0,0,4798,0,0,0,998,0,0,0,21034,0,0
3,10141920,rs745338799,C,G,10141920G,gnomAD Genomes,NA,PASS,ENST00000256474.3,p.Pro25Ala,p.Pro25Ala,c.73C>G,missense_variant,Uncertain significance,411976,,1,80782,1.2379E-05,0,0,0,1520,0,0,1,12910,0,0,0,10530,0,0,0,112,0,0,0,3752,0,0,0,272,0,0,0,24832,0,0,0,4808,0,0,0,998,0,0,0,21048,0,0
3,10141921,rs35460768,C,T,10141921T,gnomAD Genomes,NA,PASS,ENST00000256474.3,p.Pro25Leu,p.Pro25Leu,c.74C>T,missense_variant,Benign/Likely benign,93330,,150,80782,0.001856849,0,0,4,1520,0,0,6,12904,0,0,6,10534,0,0,0,112,0,0,0,3752,0,0,0,272,0,0,19,24846,0,0,7,4798,0,0,6,998,0,0,102,21046,0,0
3,10141936,rs1064793290,G,A,10141936A,gnomAD Genomes,NA,PASS,ENST00000256474.3,p.Gly30Glu,p.Gly30Glu,c.89G>A,missense_variant,Conflicting interpretations of pathogenicity,418538,,2,80770,2.47617E-05,0,0,0,1520,0,0,1,12908,0,0,0,10534,0,0,0,112,0,0,0,3758,0,0,0,272,0,0,1,24826,0,0,0,4804,0,0,0,998,0,0,0,21038,0,0
3,10141936,rs1064793290,G,C,10141936C,gnomAD Genomes,NA,PASS,ENST00000256474.3,p.Gly30Ala,p.Gly30Ala,c.89G>C,missense_variant,Uncertain significance,664143,,1,80770,1.23808E-05,0,0,0,1520,0,0,0,12908,0,0,0,10534,0,0,0,112,0,0,0,3758,0,0,0,272,0,0,0,24826,0,0,0,4804,0,0,0,998,0,0,1,21038,0,0
3,10141937,rs1236159514,G,GGAGGAGTCGGGCGCC,10141937GGAGGAGTCGGGCGCC,gnomAD Genomes,NA,PASS,ENST00000256474.3,p.Ala35_Gly39dup,p.Ala35_Gly39dup,c.99_113dup,inframe_insertion,Uncertain significance,856826,,2,80784,2.47574E-05,0,0,0,1516,0,0,0,12914,0,0,0,10532,0,0,0,112,0,0,0,3760,0,0,0,272,0,0,2,24828,0,0,0,4806,0,0,0,996,0,0,0,21048,0,0
3,10141942,rs786203104,A,G,10141942G,gnomAD Genomes,NA,PASS,ENST00000256474.3,p.Glu32Gly,p.Glu32Gly,c.95A>G,missense_variant,Uncertain significance,186635,,1,80706,1.23907E-05,0,0,0,1520,0,0,0,12908,0,0,0,10522,0,0,0,112,0,0,0,3752,0,0,0,272,0,0,0,24800,0,0,0,4804,0,0,0,998,0,0,1,21018,0,0
3,10141945,rs1476994915,C,T,10141945T,gnomAD Genomes,NA,PASS,ENST00000256474.3,p.Ser33Leu,p.Ser33Leu,c.98C>T,missense_variant,Uncertain significance,1025348,,1,80742,1.23851E-05,0,0,0,1518,0,0,0,12914,0,0,0,10532,0,0,0,112,0,0,0,3740,0,0,0,272,0,0,1,24822,0,0,0,4802,0,0,0,998,0,0,0,21032,0,0
3,10141949,rs967421751,C,T,10141949T,gnomAD Genomes,NA,PASS,ENST00000256474.3,p.Gly34Gly,p.Gly34Gly,c.102C>T,synonymous_variant,,,,1,80712,1.23897E-05,0,0,0,1520,0,0,0,12908,0,0,0,10518,0,0,0,112,0,0,0,3740,0,0,0,272,0,0,1,24806,0,0,0,4802,0,0,0,998,0,0,0,21036,0,0
3,10141951,rs587780536,C,T,10141951T,gnomAD Genomes,NA,PASS,ENST00000256474.3,p.Ala35Val,p.Ala35Val,c.104C>T,missense_variant,Uncertain significance,526678,,3,80728,3.71618E-05,0,0,0,1520,0,0,0,12912,0,0,0,10528,0,0,0,110,0,0,0,3738,0,0,0,272,0,0,0,24828,0,0,3,4800,0,0,0,998,0,0,0,21022,0,0
3,10141955,rs863224839,GGAGTCCGGCCCGGAA,G,10141955-GGAGTCCGGCCCGGAA-G,gnomAD Genomes,NA,PASS,ENST00000256474.3,p.Ser43_Glu47del,p.Ser43_Glu47del,c.123_137del,inframe_deletion,Conflicting interpretations of pathogenicity,216870,,4,80774,4.95209E-05,0,0,1,1518,0,0,0,12916,0,0,0,10538,0,0,0,110,0,0,0,3742,0,0,0,272,0,0,0,24832,0,0,3,4808,0,0,0,996,0,0,0,21042,0,0
3,10141956,rs1338996432,G,A,10141956A,gnomAD Genomes,NA,PASS,ENST00000256474.3,p.Glu37Lys,p.Glu37Lys,c.109G>A,missense_variant,Uncertain significance,560738,,1,80760,1.23824E-05,0,0,0,1518,0,0,0,12914,0,0,0,10538,0,0,0,112,0,0,0,3750,0,0,0,272,0,0,1,24828,0,0,0,4802,0,0,0,996,0,0,0,21030,0,0
3,10141959,rs779910104,T,G,10141959G,gnomAD Genomes,NA,PASS,ENST00000256474.3,p.Ser38Ala,p.Ser38Ala,c.112T>G,missense_variant,,,,1,79008,1.26569E-05,0,0,0,1492,0,0,0,12732,0,0,0,10184,0,0,0,112,0,0,0,3622,0,0,0,268,0,0,0,24324,0,0,0,4690,0,0,0,994,0,0,1,20590,0,0
3,10141961,rs417164,C,T,10141961T,gnomAD Genomes,NA,PASS,ENST00000256474.3,p.Ser38Ser,p.Ser38Ser,c.114C>T,synonymous_variant,Benign/Likely benign,220918,,1,80716,1.23891E-05,0,0,0,1516,0,0,0,12904,0,0,0,10530,0,0,0,112,0,0,0,3748,0,0,0,272,0,0,0,24808,0,0,0,4800,0,0,0,998,0,0,1,21028,0,0
3,10141962,rs768650092,G,C,10141962C,gnomAD Genomes,NA,PASS,ENST00000256474.3,p.Gly39Arg,p.Gly39Arg,c.115G>C,missense_variant,Likely benign,411992,,10,80748,0.000123842,0,0,0,1518,0,0,0,12906,0,0,10,10528,0,0,0,112,0,0,0,3746,0,0,0,272,0,0,0,24828,0,0,0,4804,0,0,0,998,0,0,0,21036,0,0
3,10141965,rs776399733,C,T,10141965T,gnomAD Genomes,NA,PASS,ENST00000256474.3,p.Pro40Ser,p.Pro40Ser,c.118C>T,missense_variant,,,,1,80738,1.23857E-05,0,0,0,1516,0,0,0,12902,0,0,0,10528,0,0,0,112,0,0,0,3744,0,0,0,272,0,0,0,24826,0,0,0,4804,0,0,0,998,0,0,1,21036,0,0
3,10141966,rs200343185,C,T,10141966T,gnomAD Genomes,NA,PASS,ENST00000256474.3,p.Pro40Leu,p.Pro40Leu,c.119C>T,missense_variant,Conflicting interpretations of pathogenicity,135405,,10,80736,0.00012386,1,0,0,1514,0,0,0,12906,0,0,0,10528,0,0,0,112,0,0,5,3750,1,0,0,272,0,0,1,24826,0,0,4,4802,0,0,0,996,0,0,0,21030,0,0
3,10141976,rs864622645,C,T,10141976T,gnomAD Genomes,NA,PASS,ENST00000256474.3,p.Ser43Ser,p.Ser43Ser,c.129C>T,synonymous_variant,Likely benign,220750,,1,80800,1.23762E-05,0,0,0,1520,0,0,0,12908,0,0,0,10532,0,0,0,112,0,0,0,3758,0,0,0,272,0,0,0,24850,0,0,0,4804,0,0,0,998,0,0,1,21046,0,0
3,10141981,rs199583685,C,T,10141981T,gnomAD Genomes,NA,PASS,ENST00000256474.3,p.Pro45Leu,p.Pro45Leu,c.134C>T,missense_variant,Uncertain significance,648726,,1,80722,1.23882E-05,0,0,0,1516,0,0,0,12906,0,0,0,10518,0,0,0,112,0,0,1,3742,0,0,0,270,0,0,0,24818,0,0,0,4804,0,0,0,996,0,0,0,21040,0,0
3,10141981,rs199583685,C,G,10141981G,gnomAD Genomes,NA,PASS,ENST00000256474.3,p.Pro45Arg,p.Pro45Arg,c.134C>G,missense_variant,Likely benign,238100,,1,80722,1.23882E-05,0,0,0,1516,0,0,1,12906,0,0,0,10518,0,0,0,112,0,0,0,3742,0,0,0,270,0,0,0,24818,0,0,0,4804,0,0,0,996,0,0,0,21040,0,0
3,10141982,rs773519476,G,A,10141982A,gnomAD Genomes,NA,PASS,ENST00000256474.3,p.Pro45Pro,p.Pro45Pro,c.135G>A,synonymous_variant,Benign/Likely benign,215765,,5,80788,6.18904E-05,0,0,0,1520,0,0,1,12904,0,0,0,10532,0,0,0,112,0,0,0,3752,0,0,0,272,0,0,4,24842,0,0,0,4810,0,0,0,998,0,0,0,21046,0,0
3,10141997,rs61751580,C,G,10141997G,gnomAD Genomes,NA,PASS,ENST00000256474.3,p.Ala50Ala,p.Ala50Ala,c.150C>G,synonymous_variant,Benign/Likely benign,43596,,33,80768,0.000408578,0,0,1,1520,0,0,1,12912,0,0,0,10528,0,0,0,112,0,0,0,3752,0,0,0,272,0,0,9,24830,0,0,0,4808,0,0,0,996,0,0,22,21038,0,0
3,10142001,rs373068386,G,T,10142001T,gnomAD Genomes,NA,PASS,ENST00000256474.3,p.Glu52Ter,p.Glu52Ter,c.154G>T,stop_gained,Uncertain significance,182982,,1,80800,1.23762E-05,0,0,0,1520,0,0,0,12914,0,0,0,10536,0,0,0,112,0,0,0,3754,0,0,0,272,0,0,0,24846,0,0,0,4810,0,0,0,996,0,0,1,21040,0,0
3,10142001,rs373068386,G,A,10142001A,gnomAD Genomes,NA,PASS,ENST00000256474.3,p.Glu52Lys,p.Glu52Lys,c.154G>A,missense_variant,Conflicting interpretations of pathogenicity,161402,,19,80800,0.000235149,1,0,1,1520,0,0,0,12914,0,0,0,10536,0,0,0,112,0,0,0,3754,0,0,2,272,1,0,16,24846,0,0,0,4810,0,0,0,996,0,0,0,21040,0,0
3,10142011,rs1328776664,A,T,10142011T,gnomAD Genomes,NA,PASS,ENST00000256474.3,p.Glu55Val,p.Glu55Val,c.164A>T,missense_variant,,,,2,80762,2.47641E-05,0,0,0,1520,0,0,0,12912,0,0,0,10532,0,0,0,112,0,0,0,3736,0,0,0,272,0,0,2,24846,0,0,0,4810,0,0,0,994,0,0,0,21028,0,0
3,10142014,rs752980085,C,G,10142014G,gnomAD Genomes,NA,PASS,ENST00000256474.3,p.Ala56Gly,p.Ala56Gly,c.167C>G,missense_variant,Uncertain significance,371800,,1,80788,1.23781E-05,0,0,0,1518,0,0,0,12906,0,0,0,10536,0,0,0,112,0,0,0,3754,0,0,0,272,0,0,1,24844,0,0,0,4808,0,0,0,996,0,0,0,21042,0,0
3,10142015,rs864622714,C,G,10142015G,gnomAD Genomes,NA,PASS,ENST00000256474.3,p.Ala56Ala,p.Ala56Ala,c.168C>G,synonymous_variant,Likely benign,220989,,1,80778,1.23796E-05,0,0,0,1520,0,0,0,12914,0,0,0,10526,0,0,0,112,0,0,0,3750,0,0,0,272,0,0,0,24842,0,0,0,4810,0,0,0,994,0,0,1,21038,0,0
3,10142015,rs864622714,C,T,10142015T,gnomAD Genomes,NA,PASS,ENST00000256474.3,p.Ala56Ala,p.Ala56Ala,c.168C>T,synonymous_variant,Likely benign,416989,,1,80778,1.23796E-05,0,0,0,1520,0,0,0,12914,0,0,0,10526,0,0,0,112,0,0,0,3750,0,0,0,272,0,0,0,24842,0,0,0,4810,0,0,0,994,0,0,1,21038,0,0
3,10142017,,G,GGCGGCC,10142017GGCGGCC,gnomAD Genomes,NA,PASS,ENST00000256474.3,p.Arg60_Pro61dup,p.Arg60_Pro61dup,c.177_182dup,inframe_insertion,,,,1,80796,1.23769E-05,0,0,0,1520,0,0,0,12914,0,0,1,10534,0,0,0,112,0,0,0,3752,0,0,0,272,0,0,0,24850,0,0,0,4806,0,0,0,998,0,0,0,21038,0,0
3,10142019,rs757781272,C,T,10142019T,gnomAD Genomes,NA,PASS,ENST00000256474.3,p.Arg58Trp,p.Arg58Trp,c.172C>T,missense_variant,Uncertain significance,238102,,8,80786,9.90271E-05,0,0,0,1520,0,0,0,12914,0,0,0,10536,0,0,0,112,0,0,0,3748,0,0,0,270,0,0,1,24840,0,0,7,4808,0,0,0,998,0,0,0,21040,0,0
3,10142027,,G,C,10142027C,gnomAD Genomes,NA,PASS,ENST00000256474.3,p.Arg60Arg,p.Arg60Arg,c.180G>C,synonymous_variant,Likely benign,1123324,,1,80796,1.23769E-05,0,0,1,1520,0,0,0,12914,0,0,0,10538,0,0,0,112,0,0,0,3744,0,0,0,272,0,0,0,24844,0,0,0,4810,0,0,0,996,0,0,0,21046,0,0
3,10142030,rs63650860,C,G,10142030G,gnomAD Genomes,NA,PASS,ENST00000256474.3,p.Pro61Pro,p.Pro61Pro,c.183C>G,synonymous_variant,Conflicting interpretations of pathogenicity,135951,,66,80798,0.000816852,2,0,3,1520,0,0,18,12918,0,0,0,10530,0,0,0,112,0,0,0,3746,0,0,1,272,0,0,4,24846,0,0,11,4810,1,0,0,998,0,0,29,21046,1,0
3,10142030,rs63650860,C,T,10142030T,gnomAD Genomes,NA,PASS,ENST00000256474.3,p.Pro61Pro,p.Pro61Pro,c.183C>T,synonymous_variant,Benign/Likely benign,379039,,1,80798,1.23765E-05,0,0,0,1520,0,0,1,12918,0,0,0,10530,0,0,0,112,0,0,0,3746,0,0,0,272,0,0,0,24846,0,0,0,4810,0,0,0,998,0,0,0,21046,0,0
3,10142031,,G,C,10142031C,gnomAD Genomes,NA,PASS,ENST00000256474.3,p.Val62Leu,p.Val62Leu,c.184G>C,missense_variant,Uncertain significance,999514,,1,80764,1.23818E-05,0,0,0,1520,0,0,0,12920,0,0,0,10522,0,0,0,112,0,0,0,3746,0,0,0,272,0,0,1,24836,0,0,0,4806,0,0,0,996,0,0,0,21034,0,0
3,10142060,rs201663073,C,T,10142060T,gnomAD Genomes,NA,PASS,ENST00000256474.3,p.Pro71Pro,p.Pro71Pro,c.213C>T,synonymous_variant,Benign/Likely benign,215766,,10,80794,0.000123772,1,0,0,1518,0,0,0,12912,0,0,0,10538,0,0,0,112,0,0,5,3746,1,0,0,272,0,0,1,24842,0,0,4,4810,0,0,0,996,0,0,0,21048,0,0
3,10142088,rs104893829,C,T,10142088T,gnomAD Genomes,NA,PASS,ENST00000256474.3,p.Pro81Ser,p.Pro81Ser,c.241C>T,missense_variant,Conflicting interpretations of pathogenicity,2233,,20,80764,0.000247635,0,0,0,1514,0,0,2,12910,0,0,0,10526,0,0,0,112,0,0,0,3744,0,0,0,272,0,0,4,24842,0,0,0,4808,0,0,0,994,0,0,14,21042,0,0
3,10142093,rs587780993,C,T,10142093T,gnomAD Genomes,NA,PASS,ENST00000256474.3,p.Arg82Arg,p.Arg82Arg,c.246C>T,synonymous_variant,Benign/Likely benign,137905,,5,80758,6.19134E-05,0,0,0,1520,0,0,0,12908,0,0,0,10526,0,0,0,112,0,0,0,3742,0,0,0,272,0,0,2,24840,0,0,0,4810,0,0,0,994,0,0,3,21034,0,0
3,10142097,rs5030827,G,C,10142097C,gnomAD Genomes,NA,PASS,ENST00000256474.3,p.Val84Leu,p.Val84Leu,c.250G>C,missense_variant,Pathogenic,229860,,1,80760,1.23824E-05,0,0,0,1518,0,0,1,12914,0,0,0,10526,0,0,0,112,0,0,0,3740,0,0,0,272,0,0,0,24832,0,0,0,4808,0,0,0,996,0,0,0,21042,0,0
3,10142099,rs1436342215,G,C,10142099C,gnomAD Genomes,NA,PASS,ENST00000256474.3,p.Val84Val,p.Val84Val,c.252G>C,synonymous_variant,Likely benign,746562,,1,80770,1.23808E-05,0,0,0,1520,0,0,0,12912,0,0,0,10530,0,0,0,112,0,0,0,3744,0,0,0,272,0,0,0,24832,0,0,0,4802,0,0,0,994,0,0,1,21052,0,0
3,10142105,rs781063331,C,G,10142105G,gnomAD Genomes,NA,PASS,ENST00000256474.3,p.Pro86Pro,p.Pro86Pro,c.258C>G,synonymous_variant,Conflicting interpretations of pathogenicity,238104,,2,80728,2.47746E-05,0,0,0,1514,0,0,0,12906,0,0,0,10522,0,0,0,112,0,0,0,3738,0,0,0,272,0,0,2,24822,0,0,0,4808,0,0,0,996,0,0,0,21038,0,0
3,10142106,,G,A,10142106A,gnomAD Genomes,NA,PASS,ENST00000256474.3,p.Val87Ile,p.Val87Ile,c.259G>A,missense_variant,,,,1,80752,1.23836E-05,0,0,0,1518,0,0,0,12904,0,0,0,10520,0,0,0,112,0,0,1,3744,0,0,0,272,0,0,0,24832,0,0,0,4806,0,0,0,996,0,0,0,21048,0,0
3,10142108,rs1386184754,A,G,10142108G,gnomAD Genomes,NA,PASS,ENST00000256474.3,p.Val87Val,p.Val87Val,c.261A>G,synonymous_variant,Likely benign,752134,,2,80688,2.47868E-05,0,0,0,1518,0,0,2,12904,0,0,0,10502,0,0,0,112,0,0,0,3736,0,0,0,272,0,0,0,24826,0,0,0,4802,0,0,0,994,0,0,0,21022,0,0
3,10142122,rs749091984,A,T,10142122T,gnomAD Genomes,NA,PASS,ENST00000256474.3,p.Asp92Val,p.Asp92Val,c.275A>T,missense_variant,Uncertain significance,184664,,1,80624,1.24033E-05,0,0,0,1516,0,0,0,12902,0,0,0,10506,0,0,0,112,0,0,0,3726,0,0,0,272,0,0,1,24802,0,0,0,4796,0,0,0,992,0,0,0,21000,0,0
3,10142131,rs964996401,C,T,10142131T,gnomAD Genomes,NA,PASS,ENST00000256474.3,p.Pro95Leu,p.Pro95Leu,c.284C>T,missense_variant,Uncertain significance,576054,,1,80752,1.23836E-05,0,0,0,1520,0,0,0,12912,0,0,0,10528,0,0,0,112,0,0,0,3740,0,0,0,272,0,0,1,24824,0,0,0,4804,0,0,0,998,0,0,0,21042,0,0
3,10142132,rs975432073,G,T,10142132T,gnomAD Genomes,NA,PASS,ENST00000256474.3,p.Pro95Pro,p.Pro95Pro,c.285G>T,synonymous_variant,Likely benign,508213,,2,80692,2.47856E-05,0,0,0,1520,0,0,2,12908,0,0,0,10522,0,0,0,112,0,0,0,3742,0,0,0,272,0,0,0,24812,0,0,0,4800,0,0,0,996,0,0,0,21008,0,0
3,10142138,rs1805159,C,G,10142138G,gnomAD Genomes,NA,PASS,ENST00000256474.3,p.Pro97Pro,p.Pro97Pro,c.291C>G,synonymous_variant,Conflicting interpretations of pathogenicity,526692,,1,80752,1.23836E-05,0,0,0,1518,0,0,0,12908,0,0,0,10524,0,0,0,112,0,0,0,3742,0,0,0,272,0,0,1,24834,0,0,0,4800,0,0,0,998,0,0,0,21044,0,0
3,10142144,rs774753107,A,C,10142144C,gnomAD Genomes,NA,PASS,ENST00000256474.3,p.Pro99Pro,p.Pro99Pro,c.297A>C,synonymous_variant,Likely benign,456581,,1,80612,1.24051E-05,0,0,0,1518,0,0,0,12896,0,0,0,10502,0,0,0,112,0,0,0,3724,0,0,0,272,0,0,1,24794,0,0,0,4796,0,0,0,998,0,0,0,21000,0,0
3,10142144,rs774753107,A,G,10142144G,gnomAD Genomes,NA,PASS,ENST00000256474.3,p.Pro99Pro,p.Pro99Pro,c.297A>G,synonymous_variant,,,,1,80612,1.24051E-05,0,0,0,1518,0,0,0,12896,0,0,1,10502,0,0,0,112,0,0,0,3724,0,0,0,272,0,0,0,24794,0,0,0,4796,0,0,0,998,0,0,0,21000,0,0
3,10142145,rs745901803,A,G,10142145G,gnomAD Genomes,NA,PASS,ENST00000256474.3,p.Thr100Ala,p.Thr100Ala,c.298A>G,missense_variant,Uncertain significance,526674,,1,80546,1.24153E-05,0,0,0,1520,0,0,0,12882,0,0,0,10480,0,0,0,112,0,0,0,3722,0,0,0,272,0,0,0,24774,0,0,0,4790,0,0,0,996,0,0,1,20998,0,0
3,10142146,rs1346874866,C,G,10142146G,gnomAD Genomes,NA,PASS,ENST00000256474.3,p.Thr100Arg,p.Thr100Arg,c.299C>G,missense_variant,,,,1,80764,1.23818E-05,0,0,0,1518,0,0,0,12912,0,0,0,10530,0,0,0,112,0,0,0,3740,0,0,0,272,0,0,1,24844,0,0,0,4804,0,0,0,998,0,0,0,21034,0,0
3,10142148,rs772300829,C,T,10142148T,gnomAD Genomes,NA,PASS,ENST00000256474.3,p.Leu101Leu,p.Leu101Leu,c.301C>T,synonymous_variant,Likely benign,380651,,1,80744,1.23848E-05,0,0,0,1520,0,0,0,12908,0,0,0,10526,0,0,0,112,0,0,0,3734,0,0,0,272,0,0,1,24842,0,0,0,4804,0,0,0,998,0,0,0,21028,0,0
3,10142151,rs532018719,C,T,10142151T,gnomAD Genomes,NA,PASS,ENST00000256474.3,p.Pro102Ser,p.Pro102Ser,c.304C>T,missense_variant,Uncertain significance,857493,,1,80718,1.23888E-05,0,0,0,1520,0,0,0,12906,0,0,0,10524,0,0,0,112,0,0,0,3732,0,0,0,272,0,0,1,24826,0,0,0,4802,0,0,0,998,0,0,0,21026,0,0
3,10142152,rs1379270197,C,T,10142152T,gnomAD Genomes,NA,PASS,ENST00000256474.3,p.Pro102Leu,p.Pro102Leu,c.305C>T,missense_variant,Uncertain significance,645405,,1,80690,1.23931E-05,0,0,0,1518,0,0,0,12904,0,0,0,10518,0,0,0,112,0,0,0,3724,0,0,0,272,0,0,1,24814,0,0,0,4800,0,0,0,998,0,0,0,21030,0,0
3,10142153,rs550155859,G,A,10142153A,gnomAD Genomes,NA,PASS,ENST00000256474.3,p.Pro102Pro,p.Pro102Pro,c.306G>A,synonymous_variant,,,,1,80688,1.23934E-05,0,0,0,1518,0,0,0,12904,0,0,0,10500,0,0,0,112,0,0,0,3738,0,0,0,272,0,0,0,24822,0,0,1,4802,0,0,0,996,0,0,0,21024,0,0
3,10142159,rs946898891,C,T,10142159T,gnomAD Genomes,NA,PASS,ENST00000256474.3,p.Gly104Gly,p.Gly104Gly,c.312C>T,synonymous_variant,Conflicting interpretations of pathogenicity,456582,,9,80738,0.000111472,0,0,0,1518,0,0,9,12914,0,0,0,10530,0,0,0,112,0,0,0,3732,0,0,0,272,0,0,0,24834,0,0,0,4802,0,0,0,996,0,0,0,21028,0,0
3,10142162,rs769102979,G,C,10142162C,gnomAD Genomes,NA,PASS,ENST00000256474.3,p.Thr105Thr,p.Thr105Thr,c.315G>C,synonymous_variant,Likely benign,387734,,3,80688,3.71802E-05,0,0,0,1516,0,0,0,12902,0,0,0,10512,0,0,0,112,0,0,0,3740,0,0,0,272,0,0,3,24812,0,0,0,4800,0,0,0,996,0,0,0,21026,0,0
3,10142183,rs751232153,C,T,10142183T,gnomAD Genomes,NA,PASS,ENST00000256474.3,p.Tyr112Tyr,p.Tyr112Tyr,c.336C>T,synonymous_variant,Likely benign,378853,,1,80720,1.23885E-05,0,0,0,1516,0,0,0,12906,0,0,0,10528,0,0,0,112,0,0,0,3738,0,0,0,272,0,0,0,24816,0,0,1,4806,0,0,0,998,0,0,0,21028,0,0
3,10142185,rs767062290,G,C,10142185C,gnomAD Genomes,NA,PASS,ENST00000256474.3,p.Arg113Pro,p.Arg113Pro,c.338G>C,missense_variant,Uncertain significance,411987,,1,80700,1.23916E-05,0,0,0,1520,0,0,0,12900,0,0,0,10528,0,0,0,112,0,0,0,3736,0,0,0,272,0,0,0,24820,0,0,0,4808,0,0,0,996,0,0,1,21008,0,0
3,10142189,rs1407805768,T,C,10142189C,gnomAD Genomes,NA,PASS,ENST00000256474.3,c.340+2T>C,,c.340+2T>C,splice_donor_variant,not provided,635395,,1,80616,1.24045E-05,0,0,0,1520,0,0,0,12904,0,0,0,10482,0,0,0,112,0,0,0,3732,0,0,0,272,0,0,0,24796,0,0,0,4798,0,0,0,996,0,0,1,21004,0,0
3,10142192,rs61758376,G,C,10142192C,gnomAD Genomes,NA,PASS,ENST00000256474.3,c.340+5G>C,,c.340+5G>C,splice_region_variant,Benign/Likely benign,36901,,488,80738,0.006044242,15,0,4,1518,1,0,102,12898,1,0,0,10526,0,0,0,112,0,0,82,3750,0,0,1,272,0,0,13,24824,0,0,281,4808,13,0,0,998,0,0,5,21032,0,0
3,10142197,rs777622214,C,T,10142197T,gnomAD Genomes,NA,PASS,ENST00000256474.3,c.340+10C>T,,c.340+10C>T,intron_variant,Likely benign,767027,,1,80728,1.23873E-05,0,0,0,1520,0,0,0,12904,0,0,0,10524,0,0,0,112,0,0,0,3752,0,0,0,272,0,0,1,24814,0,0,0,4804,0,0,0,998,0,0,0,21028,0,0
3,10142197,rs777622214,C,A,10142197A,gnomAD Genomes,NA,PASS,ENST00000256474.3,c.340+10C>A,,c.340+10C>A,intron_variant,Likely benign,723884,,1,80728,1.23873E-05,0,0,0,1520,0,0,0,12904,0,0,0,10524,0,0,0,112,0,0,0,3752,0,0,0,272,0,0,1,24814,0,0,0,4804,0,0,0,998,0,0,0,21028,0,0
3,10142198,rs1309285376,G,A,10142198A,gnomAD Genomes,NA,PASS,ENST00000256474.3,c.340+11G>A,,c.340+11G>A,intron_variant,Likely benign,560742,,2,80736,2.47721E-05,0,0,0,1516,0,0,2,12902,0,0,0,10518,0,0,0,112,0,0,0,3754,0,0,0,272,0,0,0,24816,0,0,0,4808,0,0,0,998,0,0,0,21040,0,0
3,10142207,,G,T,10142207T,gnomAD Genomes,NA,PASS,ENST00000256474.3,c.340+20G>T,,c.340+20G>T,intron_variant,,,,1,80742,1.23851E-05,0,0,0,1520,0,0,1,12906,0,0,0,10532,0,0,0,112,0,0,0,3744,0,0,0,272,0,0,0,24820,0,0,0,4804,0,0,0,996,0,0,0,21036,0,0
3,10142207,rs757151154,G,A,10142207A,gnomAD Genomes,NA,PASS,ENST00000256474.3,c.340+20G>A,,c.340+20G>A,intron_variant,Likely benign,224046,,1,80742,1.23851E-05,0,0,0,1520,0,0,0,12906,0,0,0,10532,0,0,0,112,0,0,0,3744,0,0,0,272,0,0,0,24820,0,0,0,4804,0,0,0,996,0,0,1,21036,0,0
3,10142208,,C,A,10142208A,gnomAD Genomes,NA,PASS,ENST00000256474.3,c.340+21C>A,,c.340+21C>A,intron_variant,,,,1,80762,1.23821E-05,0,0,0,1520,0,0,0,12912,0,0,0,10534,0,0,0,112,0,0,0,3752,0,0,0,272,0,0,0,24824,0,0,1,4806,0,0,0,998,0,0,0,21032,0,0
3,10142219,rs908690401,A,G,10142219G,gnomAD Genomes,NA,PASS,ENST00000256474.3,c.340+32A>G,,c.340+32A>G,intron_variant,,,,1,80722,1.23882E-05,0,0,0,1518,0,0,0,12906,0,0,0,10520,0,0,0,112,0,0,0,3750,0,0,0,272,0,0,1,24820,0,0,0,4804,0,0,0,996,0,0,0,21024,0,0
3,10142236,rs1191981397,C,T,10142236T,gnomAD Genomes,NA,PASS,ENST00000256474.3,c.340+49C>T,,c.340+49C>T,intron_variant,,,,1,80684,1.2394E-05,0,0,0,1520,0,0,0,12904,0,0,0,10496,0,0,0,112,0,0,0,3728,0,0,0,272,0,0,1,24810,0,0,0,4808,0,0,0,998,0,0,0,21036,0,0
3,10142247,,C,G,10142247G,gnomAD Genomes,NA,PASS,ENST00000256474.3,c.340+60C>G,,c.340+60C>G,intron_variant,,,,1,80686,1.23937E-05,0,0,0,1512,0,0,1,12904,0,0,0,10504,0,0,0,112,0,0,0,3744,0,0,0,272,0,0,0,24802,0,0,0,4802,0,0,0,996,0,0,0,21038,0,0
3,10142249,rs1011912727,A,G,10142249G,gnomAD Genomes,NA,PASS,ENST00000256474.3,c.340+62A>G,,c.340+62A>G,intron_variant,,,,1,79480,1.25818E-05,0,0,0,1490,0,0,0,12732,0,0,0,10180,0,0,0,112,0,0,0,3658,0,0,0,262,0,0,0,24456,0,0,0,4738,0,0,0,994,0,0,1,20858,0,0
3,10142250,rs1334583074,C,T,10142250T,gnomAD Genomes,NA,PASS,ENST00000256474.3,c.340+63C>T,,c.340+63C>T,intron_variant,,,,2,80736,2.47721E-05,0,0,1,1516,0,0,0,12906,0,0,0,10518,0,0,0,112,0,0,0,3748,0,0,0,272,0,0,1,24828,0,0,0,4802,0,0,0,998,0,0,0,21036,0,0
3,10142253,rs1377265395,C,T,10142253T,gnomAD Genomes,NA,PASS,ENST00000256474.3,c.340+66C>T,,c.340+66C>T,intron_variant,,,,3,80734,3.71591E-05,0,0,0,1512,0,0,0,12908,0,0,0,10512,0,0,0,112,0,0,0,3748,0,0,0,272,0,0,3,24832,0,0,0,4804,0,0,0,998,0,0,0,21036,0,0
3,10142259,,G,C,10142259C,gnomAD Genomes,NA,PASS,ENST00000256474.3,c.340+72G>C,,c.340+72G>C,intron_variant,,,,1,80574,1.2411E-05,0,0,0,1516,0,0,0,12884,0,0,0,10444,0,0,0,112,0,0,0,3738,0,0,0,272,0,0,0,24782,0,0,1,4806,0,0,0,998,0,0,0,21022,0,0
3,10146439,rs368713799,G,T,10146439T,gnomAD Genomes,NA,PASS,ENST00000256474.3,c.341-75G>T,,c.341-75G>T,intron_variant,,,,7,80702,8.67389E-05,0,0,1,1516,0,0,0,12872,0,0,0,10522,0,0,0,112,0,0,0,3750,0,0,0,272,0,0,6,24812,0,0,0,4802,0,0,0,998,0,0,0,21046,0,0
3,10146442,,G,T,10146442T,gnomAD Genomes,NA,PASS,ENST00000256474.3,c.341-72G>T,,c.341-72G>T,intron_variant,,,,1,80668,1.23965E-05,0,0,0,1512,0,0,0,12868,0,0,0,10526,0,0,0,110,0,0,0,3744,0,0,0,272,0,0,1,24798,0,0,0,4802,0,0,0,998,0,0,0,21038,0,0
3,10146442,rs561953435,G,C,10146442C,gnomAD Genomes,NA,PASS,ENST00000256474.3,c.341-72G>C,,c.341-72G>C,intron_variant,,,,1,80668,1.23965E-05,0,0,0,1512,0,0,0,12868,0,0,0,10526,0,0,0,110,0,0,0,3744,0,0,0,272,0,0,0,24798,0,0,1,4802,0,0,0,998,0,0,0,21038,0,0
3,10146444,,G,A,10146444A,gnomAD Genomes,NA,PASS,ENST00000256474.3,c.341-70G>A,,c.341-70G>A,intron_variant,,,,2,80672,2.47917E-05,0,0,0,1514,0,0,0,12872,0,0,0,10508,0,0,0,112,0,0,0,3742,0,0,0,272,0,0,0,24812,0,0,2,4808,0,0,0,998,0,0,0,21034,0,0
3,10146452,rs181985090,G,T,10146452T,gnomAD Genomes,NA,PASS,ENST00000256474.3,c.341-62G>T,,c.341-62G>T,intron_variant,,,,4,80702,4.95651E-05,0,0,0,1512,0,0,0,12876,0,0,0,10528,0,0,0,112,0,0,0,3742,0,0,0,272,0,0,4,24812,0,0,0,4798,0,0,0,998,0,0,0,21052,0,0
3,10146452,rs181985090,G,A,10146452A,gnomAD Genomes,NA,PASS,ENST00000256474.3,c.341-62G>A,,c.341-62G>A,intron_variant,,,,2,80702,2.47825E-05,0,0,0,1512,0,0,0,12876,0,0,0,10528,0,0,0,112,0,0,0,3742,0,0,0,272,0,0,1,24812,0,0,0,4798,0,0,0,998,0,0,1,21052,0,0
3,10146454,,G,T,10146454T,gnomAD Genomes,NA,PASS,ENST00000256474.3,c.341-60G>T,,c.341-60G>T,intron_variant,,,,1,80658,1.2398E-05,0,0,0,1512,0,0,0,12864,0,0,0,10516,0,0,0,112,0,0,0,3740,0,0,0,272,0,0,0,24796,0,0,0,4802,0,0,0,998,0,0,1,21046,0,0
3,10146457,rs541565291,G,A,10146457A,gnomAD Genomes,NA,PASS,ENST00000256474.3,c.341-57G>A,,c.341-57G>A,intron_variant,,,,1,80488,1.24242E-05,0,0,0,1502,0,0,0,12832,0,0,0,10504,0,0,0,112,0,0,0,3722,0,0,0,272,0,0,1,24732,0,0,0,4788,0,0,0,998,0,0,0,21026,0,0
3,10146457,rs1208320811,G,GGCCACCGTGCCCA,10146457GGCCACCGTGCCCA,gnomAD Genomes,NA,PASS,ENST00000256474.3,c.341-49_341-37dup,,c.341-49_341-37dup,intron_variant,,,,1,80488,1.24242E-05,0,0,0,1502,0,0,0,12832,0,0,0,10504,0,0,0,112,0,0,0,3722,0,0,0,272,0,0,1,24732,0,0,0,4788,0,0,0,998,0,0,0,21026,0,0
3,10146458,rs1277620415,G,T,10146458T,gnomAD Genomes,NA,PASS,ENST00000256474.3,c.341-56G>T,,c.341-56G>T,intron_variant,,,,2,80678,2.47899E-05,0,0,0,1510,0,0,0,12872,0,0,0,10524,0,0,0,112,0,0,0,3752,0,0,0,272,0,0,1,24800,0,0,0,4792,0,0,0,998,0,0,1,21046,0,0
3,10146463,rs772489344,C,T,10146463T,gnomAD Genomes,NA,PASS,ENST00000256474.3,c.341-51C>T,,c.341-51C>T,intron_variant,,,,8,80608,9.92457E-05,0,0,1,1504,0,0,7,12864,0,0,0,10496,0,0,0,112,0,0,0,3750,0,0,0,272,0,0,0,24790,0,0,0,4790,0,0,0,998,0,0,0,21032,0,0
3,10146476,rs185858030,C,T,10146476T,gnomAD Genomes,NA,PASS,ENST00000256474.3,c.341-38C>T,,c.341-38C>T,intron_variant,Likely benign,1220407,,51,80552,0.000633131,1,0,1,1506,0,0,1,12814,0,0,0,10506,0,0,0,112,0,0,49,3746,1,0,0,272,0,0,0,24786,0,0,0,4788,0,0,0,996,0,0,0,21026,0,0
3,10146477,rs115744107,G,A,10146477A,gnomAD Genomes,NA,PASS,ENST00000256474.3,c.341-37G>A,,c.341-37G>A,intron_variant,Benign,496876,,1853,80518,0.023013488,61,0,28,1508,0,0,140,12822,0,0,0,10498,0,0,0,112,0,0,0,3748,0,0,1,272,0,0,1669,24758,61,0,1,4788,0,0,0,996,0,0,14,21016,0,0
3,10146489,rs779747717,TAAC,T,10146489-TAAC-T,gnomAD Genomes,NA,PASS,ENST00000256474.3,c.341-21_341-19del,,c.341-21_341-19del,intron_variant,Uncertain significance,496056,,1,80656,1.23983E-05,0,0,0,1508,0,0,1,12860,0,0,0,10518,0,0,0,112,0,0,0,3758,0,0,0,272,0,0,0,24808,0,0,0,4790,0,0,0,994,0,0,0,21036,0,0
3,10146504,rs140064807,G,C,10146504C,gnomAD Genomes,NA,PASS,ENST00000256474.3,c.341-10G>C,,c.341-10G>C,intron_variant,Likely benign,456584,,1,80654,1.23986E-05,0,0,0,1508,0,0,0,12868,0,0,0,10510,0,0,0,112,0,0,0,3746,0,0,0,272,0,0,1,24798,0,0,0,4800,0,0,0,998,0,0,0,21042,0,0
3,10146508,rs191201783,C,T,10146508T,gnomAD Genomes,NA,PASS,ENST00000256474.3,c.341-6C>T,,c.341-6C>T,splice_region_variant,Likely benign,371898,,16,80626,0.000198447,0,0,0,1510,0,0,1,12866,0,0,0,10506,0,0,0,112,0,0,0,3748,0,0,0,272,0,0,15,24792,0,0,0,4802,0,0,0,996,0,0,0,21022,0,0
3,10146509,rs372340900,G,A,10146509A,gnomAD Genomes,NA,PASS,ENST00000256474.3,c.341-5G>A,,c.341-5G>A,splice_region_variant,Conflicting interpretations of pathogenicity,386138,,1,80624,1.24033E-05,0,0,0,1508,0,0,0,12860,0,0,0,10510,0,0,0,112,0,0,0,3746,0,0,0,272,0,0,0,24790,0,0,1,4800,0,0,0,996,0,0,0,21030,0,0
3,10146527,rs1051892430,C,T,10146527T,gnomAD Genomes,NA,PASS,ENST00000256474.3,p.Leu118Leu,p.Leu118Leu,c.354C>T,synonymous_variant,Likely benign,1092041,,1,80714,1.23894E-05,0,0,0,1520,0,0,0,12880,0,0,0,10514,0,0,0,112,0,0,0,3746,0,0,0,272,0,0,1,24826,0,0,0,4806,0,0,0,996,0,0,0,21042,0,0
3,10146546,rs375401722,C,T,10146546T,gnomAD Genomes,NA,PASS,ENST00000256474.3,p.His125Tyr,p.His125Tyr,c.373C>T,missense_variant,Uncertain significance,411970,,1,80716,1.23891E-05,0,0,0,1514,0,0,0,12886,0,0,0,10516,0,0,0,112,0,0,0,3750,0,0,0,272,0,0,1,24816,0,0,0,4800,0,0,0,998,0,0,0,21052,0,0
3,10146548,rs863224372,C,T,10146548T,gnomAD Genomes,NA,PASS,ENST00000256474.3,p.His125His,p.His125His,c.375C>T,synonymous_variant,Likely benign,215768,,3,80726,3.71627E-05,0,0,0,1516,0,0,0,12890,0,0,0,10522,0,0,0,112,0,0,0,3748,0,0,0,272,0,0,3,24824,0,0,0,4802,0,0,0,994,0,0,0,21046,0,0
3,10146550,rs1354593943,A,G,10146550G,gnomAD Genomes,NA,PASS,ENST00000256474.3,p.Asp126Gly,p.Asp126Gly,c.377A>G,missense_variant,Uncertain significance,456585,,1,80658,1.2398E-05,0,0,0,1516,0,0,0,12874,0,0,0,10508,0,0,0,112,0,0,0,3746,0,0,0,272,0,0,1,24792,0,0,0,4804,0,0,0,994,0,0,0,21040,0,0
3,10146554,,G,A,10146554A,gnomAD Genomes,NA,PASS,ENST00000256474.3,p.Gly127Gly,p.Gly127Gly,c.381G>A,synonymous_variant,,,,1,80676,1.23953E-05,0,0,0,1516,0,0,0,12864,0,0,0,10508,0,0,0,112,0,0,0,3748,0,0,0,272,0,0,0,24812,0,0,1,4806,0,0,0,996,0,0,0,21042,0,0
3,10146560,rs778846471,G,T,10146560T,gnomAD Genomes,NA,PASS,ENST00000256474.3,p.Leu129Leu,p.Leu129Leu,c.387G>T,synonymous_variant,Likely benign,219470,,1,80690,1.23931E-05,0,0,1,1516,0,0,0,12888,0,0,0,10518,0,0,0,112,0,0,0,3750,0,0,0,272,0,0,0,24792,0,0,0,4800,0,0,0,994,0,0,0,21048,0,0
3,10146575,rs201482330,A,G,10146575G,gnomAD Genomes,NA,PASS,ENST00000256474.3,p.Glu134Glu,p.Glu134Glu,c.402A>G,synonymous_variant,Likely benign,456588,,1,80640,1.24008E-05,0,0,0,1512,0,0,0,12874,0,0,0,10516,0,0,0,112,0,0,1,3734,0,0,0,270,0,0,0,24796,0,0,0,4800,0,0,0,992,0,0,0,21034,0,0
3,10146581,rs878854125,T,G,10146581G,gnomAD Genomes,NA,PASS,ENST00000256474.3,p.Phe136Leu,p.Phe136Leu,c.408T>G,missense_variant,Uncertain significance,238107,,1,80708,1.23903E-05,0,0,0,1516,0,0,0,12884,0,0,0,10518,0,0,0,112,0,0,0,3752,0,0,0,272,0,0,0,24820,0,0,0,4802,0,0,0,994,0,0,1,21038,0,0
3,10146589,rs587780732,C,G,10146589G,gnomAD Genomes,NA,PASS,ENST00000256474.3,p.Ser139Cys,p.Ser139Cys,c.416C>G,missense_variant,Uncertain significance,135956,,2,80690,2.47862E-05,0,0,0,1518,0,0,2,12882,0,0,0,10512,0,0,0,112,0,0,0,3744,0,0,0,272,0,0,0,24814,0,0,0,4802,0,0,0,992,0,0,0,21042,0,0
3,10146593,rs369465430,C,A,10146593A,gnomAD Genomes,NA,PASS,ENST00000256474.3,p.Leu140Leu,p.Leu140Leu,c.420C>A,synonymous_variant,Likely benign,381572,,2,80692,2.47856E-05,0,0,0,1516,0,0,0,12888,0,0,0,10516,0,0,0,112,0,0,0,3742,0,0,0,272,0,0,2,24810,0,0,0,4804,0,0,0,994,0,0,0,21038,0,0
3,10146595,rs1064796570,A,G,10146595G,gnomAD Genomes,NA,PASS,ENST00000256474.3,p.Asn141Ser,p.Asn141Ser,c.422A>G,missense_variant,Uncertain significance,423677,,1,80688,1.23934E-05,0,0,0,1516,0,0,0,12878,0,0,0,10512,0,0,0,112,0,0,0,3748,0,0,0,272,0,0,0,24818,0,0,1,4802,0,0,0,992,0,0,0,21038,0,0
3,10146600,rs372757722,G,C,10146600C,gnomAD Genomes,NA,PASS,ENST00000256474.3,p.Asp143His,p.Asp143His,c.427G>C,missense_variant,Uncertain significance,238108,,1,80708,1.23903E-05,0,0,0,1518,0,0,0,12890,0,0,0,10514,0,0,0,112,0,0,0,3750,0,0,0,272,0,0,1,24816,0,0,0,4806,0,0,0,996,0,0,0,21034,0,0
3,10146612,rs1057517560,A,G,10146612G,gnomAD Genomes,NA,PASS,ENST00000256474.3,p.Ile147Val,p.Ile147Val,c.439A>G,missense_variant,Uncertain significance,371833,,2,80714,2.47788E-05,0,0,0,1518,0,0,0,12878,0,0,0,10526,0,0,0,112,0,0,0,3750,0,0,0,272,0,0,1,24810,0,0,0,4804,0,0,0,996,0,0,1,21048,0,0
3,10146629,rs1276364231,A,G,10146629G,gnomAD Genomes,NA,PASS,ENST00000256474.3,p.Thr152Thr,p.Thr152Thr,c.456A>G,synonymous_variant,,,,3,80664,3.71913E-05,0,0,0,1518,0,0,0,12886,0,0,0,10506,0,0,0,110,0,0,0,3744,0,0,0,272,0,0,3,24788,0,0,0,4806,0,0,0,996,0,0,0,21038,0,0
3,10146644,rs5030834,C,T,10146644T,gnomAD Genomes,NA,PASS,ENST00000256474.3,c.463+8C>T,,c.463+8C>T,splice_region_variant,Conflicting interpretations of pathogenicity,127830,,34,80636,0.000421648,1,0,0,1512,0,0,0,12872,0,0,1,10498,0,0,0,110,0,0,0,3750,0,0,0,272,0,0,5,24786,0,0,0,4804,0,0,0,996,0,0,28,21036,1,0
3,10146648,rs1382435156,T,C,10146648C,gnomAD Genomes,NA,PASS,ENST00000256474.3,c.463+12T>C,,c.463+12T>C,intron_variant,Likely benign,512738,,2,80744,2.47696E-05,0,0,0,1512,0,0,0,12890,0,0,0,10536,0,0,0,110,0,0,0,3760,0,0,0,272,0,0,0,24818,0,0,0,4808,0,0,0,998,0,0,2,21040,0,0
3,10146664,rs1273709773,T,G,10146664G,gnomAD Genomes,NA,PASS,ENST00000256474.3,c.463+28T>G,,c.463+28T>G,intron_variant,,,,1,80738,1.23857E-05,0,0,0,1516,0,0,0,12898,0,0,0,10532,0,0,0,112,0,0,0,3760,0,0,0,272,0,0,1,24808,0,0,0,4806,0,0,0,996,0,0,0,21038,0,0
3,10146667,rs869025658,GGTT,G,10146667-GGTT-G,gnomAD Genomes,NA,PASS,ENST00000256474.3,c.463+37_463+39del,,c.463+37_463+39del,intron_variant,Likely benign,223218,,103,80688,0.001276522,0,0,1,1514,0,0,5,12870,0,0,0,10524,0,0,0,112,0,0,0,3752,0,0,0,272,0,0,96,24800,0,0,0,4806,0,0,0,998,0,0,1,21040,0,0
3,10146674,rs200928782,G,C,10146674C,gnomAD Genomes,NA,PASS,ENST00000256474.3,c.463+38G>C,,c.463+38G>C,intron_variant,,,,1,80726,1.23876E-05,0,0,0,1514,0,0,1,12892,0,0,0,10516,0,0,0,112,0,0,0,3754,0,0,0,272,0,0,0,24828,0,0,0,4804,0,0,0,994,0,0,0,21040,0,0
3,10146676,rs758157229,G,A,10146676A,gnomAD Genomes,NA,PASS,ENST00000256474.3,c.463+40G>A,,c.463+40G>A,intron_variant,,,,1,80684,1.2394E-05,0,0,0,1508,0,0,0,12900,0,0,0,10502,0,0,0,112,0,0,0,3758,0,0,0,272,0,0,1,24798,0,0,0,4794,0,0,0,998,0,0,0,21042,0,0
3,10146679,rs34661876,A,G,10146679G,gnomAD Genomes,NA,PASS,ENST00000256474.3,c.463+43A>G,,c.463+43A>G,intron_variant,Benign,1244574,,696,80754,0.008618768,7,0,13,1514,0,0,101,12898,0,0,85,10520,0,0,5,112,0,0,0,3752,0,0,2,272,0,0,99,24834,0,0,33,4808,0,0,4,996,0,0,354,21048,7,0
3,10146693,rs1351121831,C,T,10146693T,gnomAD Genomes,NA,PASS,ENST00000256474.3,c.463+57C>T,,c.463+57C>T,intron_variant,,,,1,80692,1.23928E-05,0,0,0,1516,0,0,0,12890,0,0,0,10528,0,0,0,112,0,0,0,3752,0,0,0,270,0,0,0,24800,0,0,0,4802,0,0,0,994,0,0,1,21028,0,0
3,10146697,rs1160735357,T,G,10146697G,gnomAD Genomes,NA,PASS,ENST00000256474.3,c.463+61T>G,,c.463+61T>G,intron_variant,,,,1,80754,1.23833E-05,0,0,0,1514,0,0,0,12896,0,0,0,10528,0,0,0,112,0,0,0,3756,0,0,0,272,0,0,1,24828,0,0,0,4806,0,0,0,994,0,0,0,21048,0,0
3,10149712,,T,C,10149712C,gnomAD Genomes,NA,PASS,ENST00000256474.3,c.464-75T>C,,c.464-75T>C,intron_variant,,,,1,80804,1.23756E-05,0,0,0,1516,0,0,0,12902,0,0,0,10534,0,0,0,112,0,0,0,3766,0,0,0,272,0,0,0,24842,0,0,1,4808,0,0,0,998,0,0,0,21054,0,0
3,10149714,rs1481983269,G,A,10149714A,gnomAD Genomes,NA,PASS,ENST00000256474.3,c.464-73G>A,,c.464-73G>A,intron_variant,,,,2,80702,2.47825E-05,0,0,0,1516,0,0,0,12890,0,0,2,10514,0,0,0,112,0,0,0,3760,0,0,0,272,0,0,0,24814,0,0,0,4800,0,0,0,998,0,0,0,21026,0,0
3,10149721,rs1237916252,C,T,10149721T,gnomAD Genomes,NA,PASS,ENST00000256474.3,c.464-66C>T,,c.464-66C>T,intron_variant,,,,2,80754,2.47666E-05,0,0,0,1518,0,0,0,12894,0,0,0,10524,0,0,0,112,0,0,0,3762,0,0,0,272,0,0,2,24820,0,0,0,4806,0,0,0,996,0,0,0,21050,0,0
3,10149722,rs1035936860,C,G,10149722G,gnomAD Genomes,NA,PASS,ENST00000256474.3,c.464-65C>G,,c.464-65C>G,intron_variant,,,,2,80750,2.47678E-05,0,0,0,1520,0,0,0,12906,0,0,0,10520,0,0,0,112,0,0,0,3764,0,0,0,272,0,0,1,24812,0,0,0,4806,0,0,0,996,0,0,1,21042,0,0
3,10149722,rs1035936860,C,T,10149722T,gnomAD Genomes,NA,PASS,ENST00000256474.3,c.464-65C>T,,c.464-65C>T,intron_variant,,,,1,80750,1.23839E-05,0,0,0,1520,0,0,0,12906,0,0,0,10520,0,0,0,112,0,0,0,3764,0,0,0,272,0,0,1,24812,0,0,0,4806,0,0,0,996,0,0,0,21042,0,0
3,10149724,rs961458931,C,T,10149724T,gnomAD Genomes,NA,PASS,ENST00000256474.3,c.464-63C>T,,c.464-63C>T,intron_variant,,,,1,80758,1.23827E-05,0,0,0,1518,0,0,0,12906,0,0,0,10524,0,0,0,112,0,0,0,3764,0,0,0,272,0,0,0,24810,0,0,0,4802,0,0,0,996,0,0,1,21054,0,0
3,10149731,rs932290142,G,A,10149731A,gnomAD Genomes,NA,PASS,ENST00000256474.3,c.464-56G>A,,c.464-56G>A,intron_variant,,,,1,80692,1.23928E-05,0,0,0,1520,0,0,0,12884,0,0,0,10514,0,0,0,112,0,0,0,3752,0,0,0,272,0,0,0,24786,0,0,0,4798,0,0,0,998,0,0,1,21056,0,0
3,10149749,rs920035142,C,G,10149749G,gnomAD Genomes,NA,PASS,ENST00000256474.3,c.464-38C>G,,c.464-38C>G,intron_variant,,,,3,80758,3.7148E-05,0,0,0,1514,0,0,0,12896,0,0,0,10524,0,0,0,112,0,0,0,3764,0,0,0,272,0,0,2,24830,0,0,0,4802,0,0,0,996,0,0,1,21048,0,0
3,10149758,rs749627152,C,G,10149758G,gnomAD Genomes,NA,PASS,ENST00000256474.3,c.464-29C>G,,c.464-29C>G,intron_variant,,,,2,80730,2.47739E-05,0,0,0,1516,0,0,0,12894,0,0,0,10528,0,0,0,112,0,0,0,3760,0,0,0,272,0,0,0,24804,0,0,2,4802,0,0,0,996,0,0,0,21046,0,0
3,10149777,rs552930903,G,A,10149777A,gnomAD Genomes,NA,PASS,ENST00000256474.3,c.464-10G>A,,c.464-10G>A,intron_variant,Benign/Likely benign,456589,,2,80694,2.4785E-05,0,0,0,1514,0,0,1,12890,0,0,0,10522,0,0,0,112,0,0,0,3754,0,0,0,272,0,0,1,24810,0,0,0,4802,0,0,0,994,0,0,0,21024,0,0
3,10149794,rs1252473811,T,C,10149794C,gnomAD Genomes,NA,PASS,ENST00000256474.3,p.Thr157Thr,p.Thr157Thr,c.471T>C,synonymous_variant,Likely benign,746138,,1,80748,1.23842E-05,0,0,0,1512,0,0,0,12890,0,0,0,10532,0,0,0,112,0,0,0,3758,0,0,0,272,0,0,1,24826,0,0,0,4802,0,0,0,996,0,0,0,21048,0,0
3,10149822,rs5030820,C,T,10149822T,gnomAD Genomes,NA,PASS,ENST00000256474.3,p.Arg167Trp,p.Arg167Trp,c.499C>T,missense_variant,Pathogenic,2218,,1,80700,1.23916E-05,0,0,0,1512,0,0,0,12892,0,0,0,10524,0,0,0,112,0,0,0,3752,0,0,0,272,0,0,0,24798,0,0,0,4794,0,0,0,996,0,0,1,21048,0,0
3,10149830,rs878854126,A,C,10149830C,gnomAD Genomes,NA,PASS,ENST00000256474.3,p.Leu169Leu,p.Leu169Leu,c.507A>C,synonymous_variant,Likely benign,238110,,1,80754,1.23833E-05,0,0,0,1518,0,0,0,12896,0,0,0,10530,0,0,0,112,0,0,0,3748,0,0,0,272,0,0,1,24828,0,0,0,4800,0,0,0,996,0,0,0,21054,0,0
3,10149833,rs765224880,C,A,10149833A,gnomAD Genomes,NA,PASS,ENST00000256474.3,p.Val170Val,p.Val170Val,c.510C>A,synonymous_variant,,,,1,80726,1.23876E-05,0,0,0,1518,0,0,0,12900,0,0,0,10518,0,0,0,112,0,0,0,3750,0,0,0,272,0,0,1,24812,0,0,0,4802,0,0,0,994,0,0,0,21048,0,0
3,10149849,rs1575932259,A,G,10149849G,gnomAD Genomes,NA,PASS,ENST00000256474.3,p.Arg176Gly,p.Arg176Gly,c.526A>G,missense_variant,Uncertain significance,645385,,3,80772,3.71416E-05,0,0,0,1518,0,0,0,12902,0,0,0,10532,0,0,0,112,0,0,0,3750,0,0,0,272,0,0,3,24838,0,0,0,4806,0,0,0,996,0,0,0,21046,0,0
3,10149854,rs766088261,A,G,10149854G,gnomAD Genomes,NA,PASS,ENST00000256474.3,p.Arg177Arg,p.Arg177Arg,c.531A>G,synonymous_variant,Likely benign,767235,,4,80704,4.95638E-05,0,0,0,1512,0,0,1,12882,0,0,0,10522,0,0,0,110,0,0,0,3752,0,0,0,272,0,0,3,24818,0,0,0,4800,0,0,0,996,0,0,0,21040,0,0
3,10149863,rs374927292,C,T,10149863T,gnomAD Genomes,NA,PASS,ENST00000256474.3,p.Ile180Ile,p.Ile180Ile,c.540C>T,synonymous_variant,Likely benign,386669,,2,80732,2.47733E-05,0,0,0,1518,0,0,2,12898,0,0,0,10524,0,0,0,112,0,0,0,3748,0,0,0,272,0,0,0,24820,0,0,0,4804,0,0,0,994,0,0,0,21042,0,0
3,10149867,rs778205243,A,G,10149867G,gnomAD Genomes,NA,PASS,ENST00000256474.3,p.Arg182Gly,p.Arg182Gly,c.544A>G,missense_variant,Conflicting interpretations of pathogenicity,220655,,1,80770,1.23808E-05,0,0,0,1520,0,0,1,12902,0,0,0,10536,0,0,0,112,0,0,0,3754,0,0,0,272,0,0,0,24826,0,0,0,4802,0,0,0,998,0,0,0,21048,0,0
3,10149871,rs5030823,C,T,10149871T,gnomAD Genomes,NA,PASS,ENST00000256474.3,p.Ser183Leu,p.Ser183Leu,c.548C>T,missense_variant,Uncertain significance,411985,,1,80726,1.23876E-05,0,0,0,1520,0,0,1,12886,0,0,0,10532,0,0,0,112,0,0,0,3752,0,0,0,272,0,0,0,24804,0,0,0,4802,0,0,0,994,0,0,0,21052,0,0
3,10149877,rs561874453,A,G,10149877G,gnomAD Genomes,NA,PASS,ENST00000256474.3,p.Tyr185Cys,p.Tyr185Cys,c.554A>G,missense_variant,Uncertain significance,223232,,3,80754,3.71499E-05,0,0,0,1518,0,0,1,12894,0,0,0,10530,0,0,0,112,0,0,0,3756,0,0,0,272,0,0,0,24830,0,0,0,4802,0,0,0,994,0,0,2,21046,0,0
3,10149878,rs864622109,C,T,10149878T,gnomAD Genomes,NA,PASS,ENST00000256474.3,p.Tyr185Tyr,p.Tyr185Tyr,c.555C>T,synonymous_variant,Likely benign,219472,,4,80702,4.95651E-05,0,0,0,1520,0,0,0,12888,0,0,0,10524,0,0,0,112,0,0,0,3740,0,0,0,272,0,0,4,24804,0,0,0,4800,0,0,0,996,0,0,0,21046,0,0
3,10149879,rs367545984,G,A,10149879A,gnomAD Genomes,NA,PASS,ENST00000256474.3,p.Glu186Lys,p.Glu186Lys,c.556G>A,missense_variant,Conflicting interpretations of pathogenicity,161403,,2,80730,2.47739E-05,0,0,0,1514,0,0,0,12898,0,0,0,10526,0,0,0,112,0,0,0,3752,0,0,0,272,0,0,2,24822,0,0,0,4800,0,0,0,998,0,0,0,21036,0,0
3,10149884,rs370769257,T,C,10149884C,gnomAD Genomes,NA,PASS,ENST00000256474.3,p.Asp187Asp,p.Asp187Asp,c.561T>C,synonymous_variant,Likely benign,416993,,1,80720,1.23885E-05,0,0,0,1516,0,0,1,12898,0,0,0,10522,0,0,0,112,0,0,0,3752,0,0,0,272,0,0,0,24824,0,0,0,4792,0,0,0,996,0,0,0,21036,0,0
3,10149885,rs5030824,C,G,10149885G,gnomAD Genomes,NA,PASS,ENST00000256474.3,p.Leu188Val,p.Leu188Val,c.562C>G,missense_variant,Conflicting interpretations of pathogenicity,2225,,3,80748,3.71526E-05,0,0,0,1516,0,0,0,12894,0,0,0,10526,0,0,0,112,0,0,0,3748,0,0,0,272,0,0,0,24834,0,0,0,4804,0,0,0,998,0,0,3,21044,0,0
3,10149888,rs762790375,G,A,10149888A,gnomAD Genomes,NA,PASS,ENST00000256474.3,p.Glu189Lys,p.Glu189Lys,c.565G>A,missense_variant,,,,1,80748,1.23842E-05,0,0,0,1520,0,0,0,12898,0,0,0,10530,0,0,0,110,0,0,0,3754,0,0,0,272,0,0,1,24836,0,0,0,4806,0,0,0,998,0,0,0,21024,0,0
3,10149890,,A,G,10149890G,gnomAD Genomes,NA,PASS,ENST00000256474.3,p.Glu189Glu,p.Glu189Glu,c.567A>G,synonymous_variant,,,,1,80774,1.23802E-05,0,0,0,1520,0,0,1,12900,0,0,0,10534,0,0,0,112,0,0,0,3758,0,0,0,272,0,0,0,24836,0,0,0,4802,0,0,0,994,0,0,0,21046,0,0
3,10149901,rs879254225,A,G,10149901G,gnomAD Genomes,NA,PASS,ENST00000256474.3,p.Asn193Ser,p.Asn193Ser,c.578A>G,missense_variant,Uncertain significance,246368,,2,80720,2.4777E-05,0,0,0,1518,0,0,0,12896,0,0,0,10518,0,0,0,110,0,0,0,3760,0,0,0,272,0,0,0,24828,0,0,0,4798,0,0,0,992,0,0,2,21028,0,0
3,10149905,,G,A,10149905A,gnomAD Genomes,NA,PASS,ENST00000256474.3,p.Val194Val,p.Val194Val,c.582G>A,synonymous_variant,,,,1,80770,1.23808E-05,0,0,0,1518,0,0,0,12898,0,0,0,10532,0,0,0,112,0,0,0,3756,0,0,0,272,0,0,1,24838,0,0,0,4806,0,0,0,990,0,0,0,21048,0,0
3,10149917,rs1575932599,G,C,10149917C,gnomAD Genomes,NA,PASS,ENST00000256474.3,p.Leu198Leu,p.Leu198Leu,c.594G>C,synonymous_variant,Likely benign,730663,,1,80764,1.23818E-05,0,0,0,1518,0,0,0,12896,0,0,0,10532,0,0,0,112,0,0,0,3764,0,0,0,272,0,0,0,24812,0,0,0,4802,0,0,0,998,0,0,1,21058,0,0
3,10149921,rs28940298,C,T,10149921T,gnomAD Genomes,NA,PASS,ENST00000256474.3,p.Arg200Trp,p.Arg200Trp,c.598C>T,missense_variant,Conflicting interpretations of pathogenicity,2232,,7,80730,8.67088E-05,0,0,0,1518,0,0,0,12896,0,0,0,10510,0,0,0,112,0,0,0,3758,0,0,0,272,0,0,0,24806,0,0,1,4804,0,0,0,996,0,0,6,21058,0,0
3,10149929,rs1575932637,A,G,10149929G,gnomAD Genomes,NA,PASS,ENST00000256474.3,p.Thr202Thr,p.Thr202Thr,c.606A>G,synonymous_variant,Likely benign,745569,,1,80754,1.23833E-05,0,0,0,1518,0,0,0,12896,0,0,0,10526,0,0,0,112,0,0,0,3762,0,0,0,272,0,0,1,24830,0,0,0,4804,0,0,0,994,0,0,0,21040,0,0
3,10149931,rs1270568049,A,G,10149931G,gnomAD Genomes,NA,PASS,ENST00000256474.3,p.Gln203Arg,p.Gln203Arg,c.608A>G,missense_variant,Uncertain significance,486716,,1,80780,1.23793E-05,0,0,0,1518,0,0,0,12900,0,0,0,10534,0,0,0,112,0,0,0,3760,0,0,0,272,0,0,1,24828,0,0,0,4806,0,0,0,996,0,0,0,21054,0,0
3,10149937,rs777130107,G,A,10149937A,gnomAD Genomes,NA,PASS,ENST00000256474.3,p.Arg205His,p.Arg205His,c.614G>A,missense_variant,Conflicting interpretations of pathogenicity,421823,,4,80738,4.9543E-05,0,0,0,1514,0,0,0,12900,0,0,0,10528,0,0,0,112,0,0,3,3754,0,0,0,272,0,0,0,24820,0,0,0,4808,0,0,0,994,0,0,1,21036,0,0
3,10149948,,C,T,10149948T,gnomAD Genomes,NA,PASS,ENST00000256474.3,p.Gln209Ter,p.Gln209Ter,c.625C>T,stop_gained,,,,1,80762,1.23821E-05,0,0,0,1518,0,0,0,12896,0,0,0,10532,0,0,0,112,0,0,1,3750,0,0,0,272,0,0,0,24836,0,0,0,4802,0,0,0,998,0,0,0,21046,0,0
3,10149952,rs138780791,G,A,10149952A,gnomAD Genomes,NA,PASS,ENST00000256474.3,p.Arg210Gln,p.Arg210Gln,c.629G>A,missense_variant,Conflicting interpretations of pathogenicity,127828,,8,80726,9.91007E-05,0,0,0,1514,0,0,0,12890,0,0,0,10524,0,0,0,112,0,0,0,3748,0,0,0,272,0,0,6,24824,0,0,0,4802,0,0,0,994,0,0,2,21046,0,0
3,10149954,rs200019083,A,C,10149954C,gnomAD Genomes,NA,PASS,ENST00000256474.3,p.Met211Leu,p.Met211Leu,c.631A>C,missense_variant,Conflicting interpretations of pathogenicity,182990,,7,80736,8.67023E-05,0,0,1,1512,0,0,0,12888,0,0,0,10530,0,0,0,112,0,0,0,3754,0,0,0,272,0,0,6,24830,0,0,0,4806,0,0,0,994,0,0,0,21038,0,0
3,10149957,rs1553620389,G,T,10149957T,gnomAD Genomes,NA,PASS,ENST00000256474.3,p.Gly212Ter,p.Gly212Ter,c.634G>T,stop_gained,Uncertain significance,440404,,2,80728,2.47746E-05,0,0,0,1518,0,0,0,12886,0,0,0,10520,0,0,0,112,0,0,0,3754,0,0,0,272,0,0,2,24832,0,0,0,4804,0,0,0,994,0,0,0,21036,0,0
3,10149962,rs775624944,T,C,10149962C,gnomAD Genomes,NA,PASS,ENST00000256474.3,p.Asp213Asp,p.Asp213Asp,c.639T>C,synonymous_variant,Conflicting interpretations of pathogenicity,342404,,1,80756,1.2383E-05,0,0,0,1516,0,0,0,12892,0,0,0,10536,0,0,0,112,0,0,0,3754,0,0,0,272,0,0,1,24830,0,0,0,4804,0,0,0,998,0,0,0,21042,0,0
3,10149972,rs778005138,C,T,10149972T,gnomAD Genomes,NA,PASS,ENST00000256474.3,c.*7C>T,,c.*7C>T,3_prime_UTR_variant,,,,1,80742,1.23851E-05,0,0,0,1520,0,0,0,12898,0,0,0,10520,0,0,0,112,0,0,0,3748,0,0,0,272,0,0,0,24818,0,0,0,4804,0,0,0,998,0,0,1,21052,0,0
3,10149972,rs778005138,C,A,10149972A,gnomAD Genomes,NA,PASS,ENST00000256474.3,c.*7C>A,,c.*7C>A,3_prime_UTR_variant,Likely benign,380289,,1,80742,1.23851E-05,0,0,0,1520,0,0,0,12898,0,0,0,10520,0,0,0,112,0,0,0,3748,0,0,0,272,0,0,1,24818,0,0,0,4804,0,0,0,998,0,0,0,21052,0,0
3,10149981,rs1380364658,C,T,10149981T,gnomAD Genomes,NA,PASS,ENST00000256474.3,c.*16C>T,,c.*16C>T,3_prime_UTR_variant,,,,1,80768,1.23811E-05,0,0,0,1520,0,0,0,12886,0,0,0,10532,0,0,0,112,0,0,0,3756,0,0,0,272,0,0,0,24836,0,0,0,4804,0,0,0,996,0,0,1,21054,0,0
3,10149981,rs1380364658,C,G,10149981G,gnomAD Genomes,NA,PASS,ENST00000256474.3,c.*16C>G,,c.*16C>G,3_prime_UTR_variant,,,,1,80768,1.23811E-05,0,0,0,1520,0,0,0,12886,0,0,0,10532,0,0,0,112,0,0,0,3756,0,0,0,272,0,0,0,24836,0,0,1,4804,0,0,0,996,0,0,0,21054,0,0
3,10149984,rs201934530,A,G,10149984G,gnomAD Genomes,NA,PASS,ENST00000256474.3,c.*19A>G,,c.*19A>G,3_prime_UTR_variant,,,,1,80764,1.23818E-05,0,0,0,1518,0,0,0,12900,0,0,0,10528,0,0,0,112,0,0,1,3758,0,0,0,272,0,0,0,24834,0,0,0,4798,0,0,0,996,0,0,0,21048,0,0
3,10149991,,TTCA,T,10149991-TTCA-T,gnomAD Genomes,NA,PASS,ENST00000256474.3,c.*29_*31del,,c.*29_*31del,3_prime_UTR_variant,,,,1,80752,1.23836E-05,0,0,0,1518,0,0,0,12904,0,0,0,10530,0,0,0,112,0,0,0,3764,0,0,0,272,0,0,0,24820,0,0,1,4792,0,0,0,998,0,0,0,21042,0,0
3,10149993,rs750952266,C,A,10149993A,gnomAD Genomes,NA,PASS,ENST00000256474.3,c.*28C>A,,c.*28C>A,3_prime_UTR_variant,,,,3,80772,3.71416E-05,0,0,0,1520,0,0,0,12890,0,0,0,10532,0,0,0,112,0,0,0,3756,0,0,0,272,0,0,3,24836,0,0,0,4798,0,0,0,998,0,0,0,21058,0,0
3,10150002,rs780557277,T,C,10150002C,gnomAD Genomes,NA,PASS,ENST00000256474.3,c.*37T>C,,c.*37T>C,3_prime_UTR_variant,,,,1,80778,1.23796E-05,0,0,0,1518,0,0,0,12886,0,0,0,10536,0,0,0,112,0,0,0,3764,0,0,0,272,0,0,0,24844,0,0,0,4802,0,0,0,996,0,0,1,21048,0,0
3,10150006,rs1250098348,G,T,10150006T,gnomAD Genomes,NA,PASS,ENST00000256474.3,c.*41G>T,,c.*41G>T,3_prime_UTR_variant,,,,2,80754,2.47666E-05,0,0,0,1512,0,0,1,12894,0,0,0,10528,0,0,0,112,0,0,0,3752,0,0,0,272,0,0,1,24836,0,0,0,4796,0,0,0,998,0,0,0,21054,0,0
3,10150009,,G,T,10150009T,gnomAD Genomes,NA,PASS,ENST00000256474.3,c.*44G>T,,c.*44G>T,3_prime_UTR_variant,,,,1,80702,1.23913E-05,0,0,0,1516,0,0,0,12876,0,0,0,10512,0,0,0,112,0,0,0,3754,0,0,0,272,0,0,1,24818,0,0,0,4798,0,0,0,998,0,0,0,21046,0,0
3,10150023,,T,C,10150023C,gnomAD Genomes,NA,PASS,ENST00000256474.3,c.*58T>C,,c.*58T>C,3_prime_UTR_variant,,,,1,80776,1.23799E-05,0,0,0,1520,0,0,0,12896,0,0,0,10528,0,0,0,112,0,0,0,3766,0,0,0,272,0,0,0,24830,0,0,0,4798,0,0,0,998,0,0,1,21056,0,0
3,10150035,rs552290225,C,T,10150035T,gnomAD Genomes,NA,PASS,ENST00000256474.3,c.*70C>T,,c.*70C>T,3_prime_UTR_variant,Benign/Likely benign,900551,,17,80734,0.000210568,0,0,0,1516,0,0,0,12904,0,0,0,10508,0,0,0,112,0,0,17,3760,0,0,0,272,0,0,0,24828,0,0,0,4798,0,0,0,996,0,0,0,21040,0,0